version,efficiency_mode,hours_cap,sigma_sub,omega,kappa,Y0,Y1,C0,C1,dY_pct,A_req_pct,A_req_frozen_pct,baseline_informality_pct,informality_pct,dInf_pp,dGHH_pct,CE_pct,hours_pct,efficiency_pct,reallocation_pct,decomposition_total_pct,dimension,eta_I,E_Q,h_star,hourly_ratio,passes_assumed_R_interval,restrictions_note,theta_36,theta_40,theta_44
sensitivity,bilateral,40,0.6,0.58,0.0021098039890823555,2.960975959081706,2.9291162883999267,2.960975959081706,2.9291161117439595,-1.0759854562162663,0.9910006277673133,0.9010296149960295,40.91580502215657,40.582297838646646,-0.3335071835099235,1.4976135425181107,1.1731306083058533,-1.3775119803590972,0.48452841177307043,-0.18300188763024114,-1.0759854562162678,CES_grid,0.33,0.6,40.0,0.3663096146466117,False,R interval is a hypothesis; other empirical restrictions not imposed,,,
sensitivity,bilateral,40,0.6,0.58,0.0021098039890823555,3.2115957854037074,3.1752895448649077,3.2115957854037074,3.17528936758357,-1.1304735391610254,1.0507591317495457,0.9731617711972618,40.915805022156576,40.57859007878349,-0.337214943373082,1.428343755609057,1.1188692752270948,-1.486131617184868,0.522349009879349,-0.1666909318555093,-1.1304735391610283,CES_grid,0.4,0.6,40.0,0.4124170159428211,False,R interval is a hypothesis; other empirical restrictions not imposed,,,
sensitivity,bilateral,40,0.6,0.58,0.0021098039890823555,3.5138867268461187,3.471902883170953,3.5138867268461187,3.4719027089884706,-1.194797867398767,1.1205676245120477,1.0592875019562298,40.91580502215656,40.577419737427164,-0.3383852847293922,1.3463195000114085,1.0546169416756033,-1.6155146705093626,0.567330452967033,-0.14661364985643938,-1.194797867398769,CES_grid,0.5,0.6,40.0,0.47285902453603984,False,R interval is a hypothesis; other empirical restrictions not imposed,,,
sensitivity,bilateral,40,0.6,0.622,0.0021098039890823555,3.088059958508839,3.0525268403629697,3.088059958508839,3.052526663645295,-1.150661535828057,1.0727819081393752,1.000128919305121,40.91580502215657,40.57787592417708,-0.33792909797949466,1.4026272310666827,1.0987246643355681,-1.5266792140739016,0.5364538252487334,-0.16043614700289063,-1.150661535828059,CES_grid,0.33,0.6,40.0,0.4306741520123816,False,R interval is a hypothesis; other empirical restrictions not imposed,,,
sensitivity,bilateral,40,0.6,0.622,0.0021098039890823555,3.33374283157129,3.293524499728061,3.33374283157129,3.2935243266165095,-1.2064017494796686,1.133030714946348,1.0748654584617157,40.91580502215657,40.57764613178782,-0.3381588903687449,1.3314880926717942,1.0429990059262388,-1.6388811438762179,0.5754461805089489,-0.14296678611240327,-1.2064017494796722,CES_grid,0.4,0.6,40.0,0.4844858360151413,False,R interval is a hypothesis; other empirical restrictions not imposed,,,
sensitivity,bilateral,40,0.6,0.622,0.0021098039890823555,3.6272309190090732,3.581069132378043,3.6272309190090732,3.581068973469973,-1.272645377748416,1.2030882253759367,1.1632767046732218,40.91580502215657,40.58604644007924,-0.329758582077333,1.2462682641881229,0.9762434736140295,-1.771290128231051,0.6213899445219194,-0.12274519403928039,-1.272645377748412,CES_grid,0.5,0.6,40.0,0.555007630977494,False,R interval is a hypothesis; other empirical restrictions not imposed,,,
sensitivity,bilateral,40,0.6,0.66,0.0021098039890823555,3.2146269561815957,3.175322335358449,3.2146269561815957,3.175322163966575,-1.2226806207658258,1.1504295241903328,1.0967067489621396,40.91580502215657,40.57815670014046,-0.3376483220161097,1.310666595652761,1.0266888332613295,-1.671624139558662,0.5868145703553702,-0.13787105156253315,-1.222680620765825,CES_grid,0.33,0.6,40.0,0.5011735381500565,False,R interval is a hypothesis; other empirical restrictions not imposed,,,
sensitivity,bilateral,40,0.6,0.66,0.0021098039890823555,3.454599586136009,3.410374286072086,3.454599586136009,3.410374130007594,-1.280185994388694,1.2109226681793261,1.1731597661950088,40.91580502215658,40.588130125851436,-0.3276748963051468,1.2364794133663817,0.9685755404703323,-1.7860698847812406,0.6265135667754511,-0.12062967638290516,-1.2801859943886948,CES_grid,0.4,0.6,40.0,0.5634063296109976,False,R interval is a hypothesis; other empirical restrictions not imposed,,,
sensitivity,bilateral,40,0.6,0.66,0.0021098039890823555,3.7386067290857348,3.688116586252682,3.7386067290857348,3.6881164566769296,-1.3505069265576375,1.282501609849196,1.2628298925175585,40.915805022156654,40.60893086649023,-0.30687415566642007,1.1450885554199512,0.8969860350789618,-1.9199711252498364,0.6728897491338947,-0.10342555044169799,-1.35050692655764,CES_grid,0.5,0.6,40.0,0.6449737167052364,False,R interval is a hypothesis; other empirical restrictions not imposed,,,
sensitivity,bilateral,40,1.0,0.58,0.0021098039890823555,3.4601741516716755,3.4055212614519035,3.4601741516716755,3.4055212448362084,-1.579483801223358,1.543683679338148,1.543683679338148,40.91580502215649,40.96566350274515,0.04985848058866593,0.8249737896541521,0.6462294685624193,-2.3307153321315175,0.810498984443263,-0.059267453535108684,-1.5794838012233632,CES_grid,0.33,0.6,40.0,0.9960614299692,False,R interval is a hypothesis; other empirical restrictions not imposed,,,
sensitivity,bilateral,40,1.0,0.58,0.0021098039890823555,3.6467503185969887,3.5891503702061467,3.6467503185969887,3.5891503535841376,-1.5794870325260502,1.543683679338148,1.543683679338148,40.9158050221565,40.96568070039307,0.049875678236571686,0.8249683546540889,0.6462252111457031,-2.330715332131532,0.8104989844432843,-0.059270684837807466,-1.579487032526055,CES_grid,0.4,0.6,40.0,0.9960614299692006,False,R interval is a hypothesis; other empirical restrictions not imposed,,,
sensitivity,bilateral,40,1.0,0.58,0.0021098039890823555,3.875809859069432,3.8145918076174268,3.875809859069432,3.8145917909884925,-1.5794905755955546,1.543683679338148,1.543683679338126,40.91580502215649,40.96569955765959,0.04989453550309775,0.8249623952547191,0.64622054294953,-2.3307153321315255,0.8104989844432865,-0.05927422790731751,-1.5794905755955564,CES_grid,0.5,0.6,40.0,0.9960614299692006,False,R interval is a hypothesis; other empirical restrictions not imposed,,,
sensitivity,bilateral,40,1.0,0.622,0.0021098039890823555,3.618597781845314,3.5569529033120713,3.618597781845314,3.5569528581062855,-1.7035570751333107,1.6563885600504369,1.6563885600504369,40.915805022156576,41.02535875148994,0.1095537293333615,0.6619260586732757,0.5185087459607327,-2.49736662658923,0.8679672513871811,-0.07415769993126073,-1.7035570751333096,CES_grid,0.33,0.6,40.0,1.1868777958636874,True,R interval is a hypothesis; other empirical restrictions not imposed,,,
sensitivity,bilateral,40,1.0,0.622,0.0021098039890823555,3.7937401207597037,3.729111323978646,3.7937401207597037,3.7291112787569944,-1.7035641536804924,1.656388560050459,1.6563885600504369,40.91580502215657,41.02538464878363,0.10957962662705434,0.6619150755945743,0.5185001425490832,-2.497366626589222,0.8679672513871688,-0.0741647784784431,-1.7035641536804964,CES_grid,0.4,0.6,40.0,1.1868777958636876,True,R interval is a hypothesis; other empirical restrictions not imposed,,,
sensitivity,bilateral,40,1.0,0.622,0.0021098039890823555,4.007544630956494,3.9392732243772235,4.007544630956494,3.939273179138074,-1.7035719590470566,1.6563885600504369,1.6563885600504147,40.915805022156576,41.025413205309185,0.10960818315260967,0.6619029648026215,0.5184906557620534,-2.497366626589231,0.8679672513872053,-0.07417258384503597,-1.7035719590470617,CES_grid,0.5,0.6,40.0,1.1868777958636878,True,R interval is a hypothesis; other empirical restrictions not imposed,,,
sensitivity,bilateral,40,1.0,0.66,0.0021098039890823555,3.7693001279630076,3.700442469963522,3.7693001279630076,3.700442377843483,-1.8268022089473979,1.7584674285715973,1.7584674285715973,40.915805022156576,41.09066218512783,0.1748571629712592,0.499496963274675,0.3912726212318287,-2.6479013343088997,0.9198216245727694,-0.09872249921127269,-1.826802208947403,CES_grid,0.33,0.6,40.0,1.4001431459810514,True,R interval is a hypothesis; other empirical restrictions not imposed,,,
sensitivity,bilateral,40,1.0,0.66,0.0021098039890823555,3.9330040769558576,3.861155408608428,3.9330040769558576,3.8611553164588823,-1.826813980905917,1.7584674285716195,1.7584674285715973,40.91580502215659,41.09069582617983,0.1748908040232422,0.49947944012519435,0.3912588947647355,-2.647901334308889,0.9198216245727542,-0.09873427116978747,-1.8268139809059225,CES_grid,0.4,0.6,40.0,1.400143145981052,True,R interval is a hypothesis; other empirical restrictions not imposed,,,
sensitivity,bilateral,40,1.0,0.66,0.0021098039890823555,4.131821103289464,4.056339878630426,4.131821103289464,4.056339786448172,-1.8268270278920196,1.7584674285715973,1.7584674285715973,40.91580502215659,41.090733110925214,0.17492808876862775,0.49946001908022786,0.3912436816128451,-2.647901334308885,0.9198216245727571,-0.09874731815588654,-1.8268270278920145,CES_grid,0.5,0.6,40.0,1.4001431459810523,True,R interval is a hypothesis; other empirical restrictions not imposed,,,
sensitivity,bilateral,40,1.116,0.58,0.0021098039890823555,3.5498611721063718,3.489618603772784,3.5498611721063718,3.4896185043407817,-1.697040121088511,1.6588655509511385,1.6520647884172623,40.91580502215657,41.10922773311194,0.193422710955371,0.6637020851147573,0.5198999666732265,-2.4899112201523783,0.86469603947116,-0.07182494040728916,-1.6970401210885073,CES_grid,0.33,0.6,40.0,1.1812904098484276,True,R interval is a hypothesis; other empirical restrictions not imposed,,,
sensitivity,bilateral,40,1.116,0.58,0.0021098039890823555,3.7232972706428775,3.6606799806487196,3.7232972706428775,3.6606798877650593,-1.6817698250386037,1.645276968357856,1.6393137982442463,40.91580502215651,41.10154363188113,0.1857386097246172,0.6837958539348775,0.5356400855823207,-2.4710731322910964,0.8581993957580888,-0.06889608850559915,-1.6817698250386068,CES_grid,0.4,0.6,40.0,1.1577611473285485,True,R interval is a hypothesis; other empirical restrictions not imposed,,,
sensitivity,bilateral,40,1.116,0.58,0.0021098039890823555,3.9380535656296196,3.8725175844977064,3.9380535656296196,3.8725174988162054,-1.6641719072562955,1.62943027894078,1.6244504322683984,40.91580502215659,41.09278975136196,0.1769847292053761,0.7069445050290011,0.5537731956060509,-2.4491069404116548,0.8506230860255641,-0.06568805287020923,-1.6641719072563,CES_grid,0.5,0.6,40.0,1.1310539266653599,False,R interval is a hypothesis; other empirical restrictions not imposed,,,
sensitivity,bilateral,40,1.116,0.622,0.0021098039890823555,3.7097847634723977,3.6417082220183197,3.7097847634723977,3.6417080493301226,-1.8350536700775466,1.7747649655085906,1.7610228614976409,40.915805022156576,41.18284209562445,0.267037073467874,0.4817695806882271,0.37738617153911125,-2.6506478917935743,0.9201003678221426,-0.10450614610611954,-1.8350536700775515,CES_grid,0.33,0.6,40.0,1.4090827005012994,True,R interval is a hypothesis; other empirical restrictions not imposed,,,
sensitivity,bilateral,40,1.116,0.622,0.0021098039890823555,3.871305808584413,3.800888576620455,3.871305808584413,3.8008884137619505,-1.8189529695073925,1.7618668840045704,1.748869970337208,40.91580502215657,41.17395530269763,0.2581502805410585,0.503017540918764,0.39403040705303183,-2.6327406717094597,0.9139304570632922,-0.10014275486122158,-1.818952969507389,CES_grid,0.4,0.6,40.0,1.381023601739521,True,R interval is a hypothesis; other empirical restrictions not imposed,,,
sensitivity,bilateral,40,1.116,0.622,0.0021098039890823555,4.070384122047015,3.9971011302124264,4.070384122047015,3.9971009782389175,-1.80039499067558,1.7467962016798566,1.7346784403200255,40.91580502215657,41.16381968805019,0.24801466589361998,0.527499895050012,0.4132082511225093,-2.6118228869850286,0.90672245622324,-0.0952945599137885,-1.8003949906755772,CES_grid,0.5,0.6,40.0,1.349174238572892,True,R interval is a hypothesis; other empirical restrictions not imposed,,,
sensitivity,bilateral,40,1.116,0.66,0.0021098039890823555,3.8605226312074947,3.7843919936307846,3.8605226312074947,3.7843917213131477,-1.972029304045242,1.8778231048074856,1.858344648276944,40.9158050221566,41.26240333906863,0.3465983169120279,0.30069646889193896,0.23554556729868553,-2.793862022461697,0.9694217621237574,-0.14758904370729994,-1.9720293040452395,CES_grid,0.33,0.6,40.0,1.6638537908925268,False,R interval is a hypothesis; other empirical restrictions not imposed,,,
sensitivity,bilateral,40,1.116,0.66,0.0021098039890823555,4.010364448746296,3.931957149078571,4.010364448746296,3.9319568905462035,-1.9551165653345137,1.8657121783344444,1.8468788607671538,40.91580502215657,41.252289229757906,0.33648420760133413,0.32307715619234845,0.25307710568400626,-2.777006956957139,0.9636191718567483,-0.141728780234128,-1.9551165653345188,CES_grid,0.4,0.6,40.0,1.6307317461083468,False,R interval is a hypothesis; other empirical restrictions not imposed,,,
sensitivity,bilateral,40,1.116,0.66,0.0021098039890823555,4.1942848074974615,4.113099342855313,4.1942848074974615,4.113099099666201,-1.935621169478663,1.8515374683405916,1.833468301655583,40.915805022156555,41.240744473315466,0.3249394511589121,0.34886651503532273,0.2732787701110028,-2.7572871095057367,0.9568296251113007,-0.13516368508422988,-1.9356211694786658,CES_grid,0.5,0.6,40.0,1.5931350011358696,False,R interval is a hypothesis; other empirical restrictions not imposed,,,
sensitivity,bilateral,40,1.326,0.58,0.0021098039890823555,3.6725212573874284,3.60294769034986,3.6725212573874284,3.60294725900345,-1.8944360607203725,1.8354738749634114,1.7934158863256444,40.915805022156675,41.37981941915652,0.46401439699984004,0.39058274174414154,0.3059564810329109,-2.696978889113692,0.9351597471680335,-0.13261691877471035,-1.894436060720369,CES_grid,0.33,0.6,40.0,1.4919995718316734,True,R interval is a hypothesis; other empirical restrictions not imposed,,,
sensitivity,bilateral,40,1.326,0.58,0.0021098039890823555,3.8277910386045195,3.756904429202568,3.8277910386045195,3.7569040376800196,-1.8518933945724014,1.8018362147572242,1.7649244580347112,40.91580502215661,41.355409032397326,0.43960401024071283,0.4467995934237118,0.34999301484857426,-2.6549984891056218,0.9206833825656349,-0.11757828803241276,-1.8518933945723997,CES_grid,0.4,0.6,40.0,1.422400546181623,True,R interval is a hypothesis; other empirical restrictions not imposed,,,
sensitivity,bilateral,40,1.326,0.58,0.0021098039890823555,4.022860580015427,3.95031607273501,4.022860580015427,3.950315723688374,-1.8033065237408552,1.7620301922382842,1.731323854885991,40.91580502215657,41.328214724083736,0.4124097019271633,0.5109496545813152,0.4002438960886969,-2.605454777411088,0.9035956161604024,-0.10144736249016952,-1.8033065237408548,CES_grid,0.5,0.6,40.0,1.3457134449526504,True,R interval is a hypothesis; other empirical restrictions not imposed,,,
sensitivity,bilateral,40,1.326,0.622,0.0021098039890823555,3.8324986587652212,3.7536337323615925,3.8324986587652212,3.7536331235483065,-2.057793972693467,1.9543001786300307,1.894808595505726,40.91580502215663,41.47925854759432,0.5634535254376849,0.17427362597108328,0.13651434034401524,-2.8461527670440647,0.9865795251651853,-0.1982207308145891,-2.0577939726934686,CES_grid,0.33,0.6,40.0,1.780841782262826,False,R interval is a hypothesis; other empirical restrictions not imposed,,,
sensitivity,bilateral,40,1.326,0.622,0.0021098039890823555,3.975613678726516,3.8955898125159076,3.975613678726516,3.895589256118815,-2.012868268333401,1.9231982861923624,1.8681310076982038,40.91580502215657,41.45115195205465,0.5353469298980784,0.23382205278636783,0.18316060801598813,-2.8069369956645045,0.9730651171699081,-0.17899638983880647,-2.0128682683334027,CES_grid,0.4,0.6,40.0,1.6978189750753263,False,R interval is a hypothesis; other empirical restrictions not imposed,,,
sensitivity,bilateral,40,1.326,0.622,0.0021098039890823555,4.154833391117819,4.073332987507727,4.154833391117819,4.073332487424944,-1.9615805481953408,1.8862331986081005,1.8365434080230614,40.915805022156576,41.419858616221305,0.5040535940647295,0.30174090038801477,0.2363637053039449,-2.7604725546741102,0.9570497885805378,-0.1581577821017721,-1.9615805481953446,CES_grid,0.5,0.6,40.0,1.6063356103231163,False,R interval is a hypothesis; other empirical restrictions not imposed,,,
sensitivity,bilateral,40,1.326,0.66,0.0021098039890823555,3.9814606535054224,3.893048985267362,3.9814606535054224,3.8930481613564063,-2.22058374883648,2.057364417201213,1.9837820974677012,40.9158050221566,41.58720190924367,0.6713968870870723,-0.04197669779660695,-0.03288174660734211,-2.9767697696595605,1.0315760764390383,-0.27539005561596047,-2.220583748836483,CES_grid,0.33,0.6,40.0,2.103969339217331,False,R interval is a hypothesis; other empirical restrictions not imposed,,,
sensitivity,bilateral,40,1.326,0.66,0.0021098039890823555,4.112961460225635,4.0235828746499855,4.112961460225635,4.023582117141251,-2.173095625621202,2.0287827684882354,1.9590079956884887,40.91580502215658,41.554839519604265,0.6390344974476825,0.02117616904612033,0.01658799908612759,-2.9404270351545407,1.019058796880458,-0.2517273873471212,-2.1730956256212037,CES_grid,0.4,0.6,40.0,2.0059448257176653,False,R interval is a hypothesis; other empirical restrictions not imposed,,,
sensitivity,bilateral,40,1.326,0.66,0.0021098039890823555,4.277169059793647,4.186536676523453,4.277169059793647,4.186535990824332,-2.118980615523458,1.9947252414791672,1.9295710704900548,40.91580502215658,41.518944279521264,0.6031392573646821,0.09306467321605548,0.07290066068591013,-2.89721728884625,1.004173837151893,-0.22593716382910525,-2.1189806155234625,CES_grid,0.5,0.6,40.0,1.8979254728565809,False,R interval is a hypothesis; other empirical restrictions not imposed,,,
sensitivity,bilateral,40,1.469,0.58,0.0021098039890823555,3.735176363686028,3.6596577164837947,3.735176363686028,3.6596569317443373,-2.0218227962791158,1.9387872780335158,1.8621126693880052,40.91580502215658,41.57083399944724,0.6550289772906559,0.213038297878728,0.16688000000500364,-2.7974070692249726,0.969335158492252,-0.19375088554639222,-2.0218227962791127,CES_grid,0.33,0.6,40.0,1.682380229916425,False,R interval is a hypothesis; other empirical restrictions not imposed,,,
sensitivity,bilateral,40,1.469,0.58,0.0021098039890823555,3.8811774483164703,3.805077861204121,3.8811774483164703,3.805077153381857,-1.9607345483613092,1.8941365623548867,1.8265415037686195,40.915805022156576,41.53311923692144,0.6173142147648691,0.293971450172297,0.23027763596829928,-2.7450565033293777,0.9512790885273463,-0.16695713355928204,-1.9607345483613137,CES_grid,0.4,0.6,40.0,1.5811724684866155,False,R interval is a hypothesis; other empirical restrictions not imposed,,,
sensitivity,bilateral,40,1.469,0.58,0.0021098039890823555,4.066200064292177,3.989293286182967,4.066200064292177,3.9892926598353684,-1.8913672936207937,1.8407242053672723,1.7842524757628153,40.91580502215658,41.491730302816606,0.5759252806600279,0.38576022265267346,0.30217884107792753,-2.6827650889070545,0.9297901125592198,-0.13839231727296344,-1.891367293620798,CES_grid,0.5,0.6,40.0,1.4713515996906072,True,R interval is a hypothesis; other empirical restrictions not imposed,,,
sensitivity,bilateral,40,1.469,0.622,0.0021098039890823555,3.894333741836717,3.808515876628521,3.894333741836717,3.8085148334579824,-2.203659750222664,2.0590119144995755,1.9587759653853176,40.915805022156576,41.69128099096911,0.7754759688125334,-0.02850692988834576,-0.022330428412537507,-2.9394581329086824,1.0183130947902175,-0.2825147121041955,-2.2036597502226605,CES_grid,0.33,0.6,40.0,2.0080867893653944,False,R interval is a hypothesis; other empirical restrictions not imposed,,,
sensitivity,bilateral,40,1.469,0.622,0.0021098039890823555,4.028233972263825,3.9420830696041,4.028233972263825,3.942082123156803,-2.138676731612721,2.0181320357592902,1.9257491083087386,40.91580502215656,41.64694432107747,0.7311392989209076,0.05791679380489288,0.04536815514716608,-2.8909581165817264,1.001593431842073,-0.24931204687306438,-2.1386767316127178,CES_grid,0.4,0.6,40.0,1.8873688783969218,False,R interval is a hypothesis; other empirical restrictions not imposed,,,
sensitivity,bilateral,40,1.469,0.622,0.0021098039890823555,4.19749030941805,4.11080709237617,4.19749030941805,4.110806249128789,-2.065120123026498,1.9690626072246697,1.886288609682607,40.91580502215659,41.59870104285403,0.6828960206974433,0.15559039405201622,0.12187914200741273,-2.832963425155047,0.9815969307793347,-0.2137536286507871,-2.0651201230264995,CES_grid,0.5,0.6,40.0,1.7563675210122969,False,R interval is a hypothesis; other empirical restrictions not imposed,,,
sensitivity,bilateral,40,1.469,0.66,0.0021098039890823555,4.041649865244115,3.9451656404936606,4.041649865244115,3.945164297504715,-2.387248474445147,2.162596009887352,2.0428976806813326,40.91580502215659,41.81887605185377,0.9030710296971778,-0.2728500798655341,-0.21373256256133505,-3.06282984660409,1.0608309548496835,-0.38524958269074044,-2.387248474445147,CES_grid,0.33,0.6,40.0,2.3724231985700173,False,R interval is a hypothesis; other empirical restrictions not imposed,,,
sensitivity,bilateral,40,1.469,0.66,0.0021098039890823555,4.164124601870707,4.067615198906585,4.164124601870707,4.067613973152274,-2.317639652779979,2.1253413424528134,2.012452493752548,40.915805022156604,41.77360206874622,0.8577970465896201,-0.18044629547757052,-0.14134959812409692,-3.0182060829625774,1.0454542820235657,-0.344887851840964,-2.3176396527799756,CES_grid,0.4,0.6,40.0,2.2299029700828243,False,R interval is a hypothesis; other empirical restrictions not imposed,,,
sensitivity,bilateral,40,1.469,0.66,0.0021098039890823555,4.318593785687708,4.221900462548551,4.318593785687708,4.221899363556828,-2.2390001916737012,2.0802489045867345,1.9759182944464548,40.91580502215659,41.71646265468315,0.8006576325265635,-0.07558738537370611,-0.05921011854273646,-2.964617605374492,1.0269853413127308,-0.30136792761194353,-2.2390001916737043,CES_grid,0.5,0.6,40.0,2.075232071833321,False,R interval is a hypothesis; other empirical restrictions not imposed,,,
sensitivity,bilateral,40,2.0,0.58,0.0021098039890823555,3.884317452403732,3.787669874794106,3.884317452403732,3.787667033584307,-2.488148272994972,2.2588962389646916,2.0150081949508625,40.91580502215656,42.31322821350879,1.3974231913522317,-0.44034785687747396,-0.3449391545540213,-3.020499341283102,1.0452917413384208,-0.5129406730502929,-2.488148272994974,CES_grid,0.33,0.6,40.0,2.249628896531725,False,R interval is a hypothesis; other empirical restrictions not imposed,,,
sensitivity,bilateral,40,2.0,0.58,0.0021098039890823555,4.008575417205452,3.9142759818668695,4.008575417205452,3.91427341015595,-2.352442589300774,2.1846535427163305,1.9656450229436295,40.91580502215657,42.2350391570358,1.3192341348792325,-0.2609811638236359,-0.20443524499518143,-2.9480154701859145,1.0202632135299237,-0.4246903326447876,-2.3524425893007788,CES_grid,0.4,0.6,40.0,2.042107409027437,False,R interval is a hypothesis; other empirical restrictions not imposed,,,
sensitivity,bilateral,40,2.0,0.58,0.0021098039890823555,4.169903800576339,4.078177456871603,4.169903800576339,4.078175177957126,-2.1997232572141923,2.089380350069603,1.9055029416018554,40.915805022156576,42.13570417274262,1.2198991505860457,-0.05824222112660612,-0.045623073215841456,-2.859603321424884,0.9897308546810258,-0.3298507904703333,-2.1997232572141914,CES_grid,0.5,0.6,40.0,1.8251868010958405,False,R interval is a hypothesis; other empirical restrictions not imposed,,,
sensitivity,bilateral,40,2.0,0.622,0.0021098039890823555,4.039391073431377,3.9285658572017743,4.039391073431377,3.9285624763926856,-2.743611950784919,2.374679493013221,2.0988359992122785,40.91580502215658,42.462469753284566,1.5466647311279835,-0.7781577432271592,-0.6095568988612747,-3.1434198264746165,1.0877293980073632,-0.6879215223176639,-2.743611950784917,CES_grid,0.33,0.6,40.0,2.6833081246264645,False,R interval is a hypothesis; other empirical restrictions not imposed,,,
sensitivity,bilateral,40,2.0,0.622,0.0021098039890823555,4.152096422102921,4.0440409498311505,4.152096422102921,4.044037869977371,-2.6024316703378347,2.3143076941872787,2.053821889268015,40.91580502215654,42.38009730252562,1.4642922803690783,-0.5914724277833603,-0.463320068430299,-3.077440279615564,1.0649513289357042,-0.5899427196579714,-2.602431670337831,CES_grid,0.4,0.6,40.0,2.4359111183628825,False,R interval is a hypothesis; other empirical restrictions not imposed,,,
sensitivity,bilateral,40,2.0,0.622,0.0021098039890823555,4.298273101839383,4.193298232646781,4.298273101839383,4.193295480891853,-2.442256848399871,2.2348085843849175,1.9985990788411012,40.91580502215656,42.287294955469946,1.37148993331338,-0.37972347291457503,-0.29745005378308376,-2.996412797302779,1.0369750237542745,-0.4828190748513639,-2.4422568483998686,CES_grid,0.5,0.6,40.0,2.17729147249918,False,R interval is a hypothesis; other empirical restrictions not imposed,,,
sensitivity,bilateral,40,2.0,0.66,0.0021098039890823555,4.181025260170033,4.055916069795043,4.181025260170033,4.055912131025846,-2.992308885737316,2.4618537947610264,2.170524263966911,40.9158050221565,42.60930477651221,1.6934997543557095,-1.1071445189550269,-0.8672632065147712,-3.248369521680403,1.12395616508534,-0.867895529142254,-2.9923088857373172,CES_grid,0.33,0.6,40.0,3.1682005727876974,False,R interval is a hypothesis; other empirical restrictions not imposed,,,
sensitivity,bilateral,40,2.0,0.66,0.0021098039890823555,4.283097348546461,4.161160051710424,4.283097348546461,4.161156440928786,-2.846941988778706,2.4136459996506154,2.12966414733351,40.915805022156576,42.523599858984426,1.6077948368278472,-0.9148514034455993,-0.7166335993657194,-3.1885706034378107,1.1033153887910345,-0.761686774131929,-2.8469419887787053,CES_grid,0.4,0.6,40.0,2.8762428383248837,False,R interval is a hypothesis; other empirical restrictions not imposed,,,
sensitivity,bilateral,40,2.0,0.66,0.0021098039890823555,4.415363309505839,4.296978305513083,4.415363309505839,4.296975056235203,-2.6812064080408815,2.349015105560004,2.0792399823845953,40.91580502215646,42.42648821759726,1.5106831954407984,-0.6956636479784106,-0.5449365242497549,-3.1147045143200613,1.0778163255527766,-0.6443182192735927,-2.6812064080408775,CES_grid,0.5,0.6,40.0,2.5710243665106334,False,R interval is a hypothesis; other empirical restrictions not imposed,,,
sensitivity,bilateral,36,0.6,0.58,0.0021098039890823555,2.960975959081706,2.828963397805394,2.960975959081706,2.8289603531297125,-4.458413816951534,4.255281738066374,3.8948981779338476,40.91580502215657,39.52994119318254,-1.3858638289740322,1.0177964933936166,0.7972739198249997,-3.541742865862043,-0.20714013632667638,-0.7095308147628192,-4.458413816951539,CES_grid,0.33,0.6,40.0,0.3663096146466117,False,R interval is a hypothesis; other empirical restrictions not imposed,,,
sensitivity,bilateral,36,0.6,0.58,0.0021098039890823555,3.2115957854037074,3.0613754848233516,3.2115957854037074,3.0613724300870375,-4.677434852265272,4.513423049030374,4.206406408955243,40.915805022156576,39.515016199038804,-1.4007888231177712,0.7401211591758935,0.5797615746877833,-3.8142198217974066,-0.22239035785633193,-0.6408246726115379,-4.677434852265276,CES_grid,0.4,0.6,40.0,0.4124170159428211,False,R interval is a hypothesis; other empirical restrictions not imposed,,,
sensitivity,bilateral,36,0.6,0.58,0.0021098039890823555,3.5138867268461187,3.3404756996374174,3.5138867268461187,3.3404726995526115,-4.935020411552826,4.815132561355151,4.5784247154943225,40.91580502215656,39.51084687426595,-1.4049581478906115,0.41183621905766366,0.3226050382618365,-4.137609638489574,-0.24037246245517022,-0.5570383106080762,-4.93502041155282,CES_grid,0.5,0.6,40.0,0.47285902453603984,False,R interval is a hypothesis; other empirical restrictions not imposed,,,
sensitivity,bilateral,36,0.6,0.622,0.0021098039890823555,3.088059958508839,2.9411180712407976,3.088059958508839,2.941115026555558,-4.7583884135137255,4.6085915842360325,4.322879833991222,40.91580502215657,39.512250462272,-1.4035545598845678,0.6371268113494173,0.49908266889037683,-3.9157034721827113,-0.2280470079326781,-0.6146379333983328,-4.758388413513722,CES_grid,0.33,0.6,40.0,0.4306741520123816,False,R interval is a hypothesis; other empirical restrictions not imposed,,,
sensitivity,bilateral,36,0.6,0.622,0.0021098039890823555,3.33374283157129,3.1676764567869697,3.33374283157129,3.1676734755252447,-4.981379283717824,4.869007780431933,4.645725006844037,40.91580502215657,39.5119460772706,-1.4038589448859717,0.3525083966406684,0.2761315773685236,-4.195879844593841,-0.24359917525164504,-0.5419002638723396,-4.981379283717826,CES_grid,0.4,0.6,40.0,0.4844858360151413,False,R interval is a hypothesis; other empirical restrictions not imposed,,,
sensitivity,bilateral,36,0.6,0.622,0.0021098039890823555,3.6272309190090732,3.436964098976583,3.6272309190090732,3.4369613696561334,-5.245511639067891,5.171854897532602,5.027764469425278,40.91580502215657,39.5488482980117,-1.3669567241448688,0.010598419082304309,0.00830209494780504,-4.525315588025622,-0.26176570883367084,-0.4584303422085991,-5.2455116390678915,CES_grid,0.5,0.6,40.0,0.555007630977494,False,R interval is a hypothesis; other empirical restrictions not imposed,,,
sensitivity,bilateral,36,0.6,0.66,0.0021098039890823555,3.2146269561815957,3.052405212903918,3.2146269561815957,3.052402261864515,-5.046362936941473,4.944221028042506,4.740091225242038,40.91580502215657,39.51430705029721,-1.4014979718593557,0.2692444097770213,0.21090812099200001,-4.277464727626525,-0.24811012130935123,-0.520788088005595,-5.046362936941472,CES_grid,0.33,0.6,40.0,0.5011735381500565,False,R interval is a hypothesis; other empirical restrictions not imposed,,,
sensitivity,bilateral,36,0.6,0.66,0.0021098039890823555,3.454599586136009,3.2723504372551284,3.454599586136009,3.272347758642213,-5.275550590936284,5.205717987101766,5.070480463781024,40.91580502215658,39.55793666617641,-1.357868355980174,-0.028919061895407064,-0.022653265151402202,-4.56200854989025,-0.26378118800752304,-0.44976085303850993,-5.275550590936283,CES_grid,0.4,0.6,40.0,0.5634063296109976,False,R interval is a hypothesis; other empirical restrictions not imposed,,,
sensitivity,bilateral,36,0.6,0.66,0.0021098039890823555,3.7386067290857348,3.5309024720607636,3.7386067290857348,3.5309002663443305,-5.555659422775516,5.515059093528629,5.458148781683803,40.915805022156654,39.648906213338236,-1.2668988088184174,-0.3981641155161973,-0.3118952238210212,-4.893723547455597,-0.2819303443864615,-0.38000553093345973,-5.555659422775518,CES_grid,0.5,0.6,40.0,0.6449737167052364,False,R interval is a hypothesis; other empirical restrictions not imposed,,,
sensitivity,bilateral,36,1.0,0.58,0.0021098039890823555,3.4601741516716755,3.238741211727821,3.4601741516716755,3.2387409121415467,-6.399473848357484,6.564600728298009,6.564600728298031,40.91580502215649,41.13212730160313,0.21632227944664018,-1.666409006800553,-1.3053537219937668,-5.834409553766685,-0.32579813568492655,-0.23926615890587413,-6.399473848357486,CES_grid,0.33,0.6,40.0,0.9960614299692,False,R interval is a hypothesis; other empirical restrictions not imposed,,,
sensitivity,bilateral,36,1.0,0.58,0.0021098039890823555,3.6467503185969887,3.4133769620904144,3.6467503185969887,3.413376662384445,-6.399488205059233,6.564600728298053,6.564600728298031,40.9158050221565,41.13220402467528,0.21639900251878563,-1.6664366881709958,-1.3053754057339468,-5.834409553766681,-0.32579813568494415,-0.2392805156076079,-6.399488205059233,CES_grid,0.4,0.6,40.0,0.9960614299692006,False,R interval is a hypothesis; other empirical restrictions not imposed,,,
sensitivity,bilateral,36,1.0,0.58,0.0021098039890823555,3.875809859069432,3.627777254143556,3.875809859069432,3.6277769543063103,-6.399503947426033,6.564600728298053,6.564600728298031,40.91580502215649,41.13228815342767,0.2164831312711779,-1.6664670410940459,-1.305399182190336,-5.834409553766706,-0.32579813568491683,-0.23929625797441492,-6.399503947426038,CES_grid,0.5,0.6,40.0,0.9960614299692006,False,R interval is a hypothesis; other empirical restrictions not imposed,,,
sensitivity,bilateral,36,1.0,0.622,0.0021098039890823555,3.618597781845314,3.369143187453876,3.618597781845314,3.36914236859464,-6.8936811834397265,7.056371946734297,7.0563719467342745,40.915805022156576,41.38648417188291,0.47067914972633296,-2.330217537914613,-1.825337071366447,-6.243438453821021,-0.34782913578603525,-0.3024135938326745,-6.893681183439731,CES_grid,0.33,0.6,40.0,1.1868777958636874,True,R interval is a hypothesis; other empirical restrictions not imposed,,,
sensitivity,bilateral,36,1.0,0.622,0.0021098039890823555,3.7937401207597037,3.5322105707313174,3.7937401207597037,3.5322097515695043,-6.893712845465405,7.056371946734297,7.056371946734319,40.91580502215657,41.386600202335174,0.470795180178607,-2.330271644263903,-1.8253794546733906,-6.243438453821012,-0.34782913578607294,-0.30244525585831583,-6.893712845465401,CES_grid,0.4,0.6,40.0,1.1868777958636876,True,R interval is a hypothesis; other empirical restrictions not imposed,,,
sensitivity,bilateral,36,1.0,0.622,0.0021098039890823555,4.007544630956494,3.731274612747418,4.007544630956494,3.7312737932518862,-6.893747759538682,7.0563719467342745,7.0563719467342745,40.915805022156576,41.38672814968448,0.47092312752790577,-2.330331307308189,-1.8254261907247482,-6.2434384538210095,-0.3478291357860483,-0.30248016993162935,-6.8937477595386865,CES_grid,0.5,0.6,40.0,1.1868777958636878,True,R interval is a hypothesis; other empirical restrictions not imposed,,,
sensitivity,bilateral,36,1.0,0.66,0.0021098039890823555,3.7693001279630076,3.4909258471960243,3.7693001279630076,3.4909241737386543,-7.385304202810228,7.50326302689277,7.503263026892748,40.915805022156576,41.66501920405858,0.7492141819020026,-2.993902149218938,-2.3452233502215014,-6.611981060038404,-0.3675866438886413,-0.4057364988831838,-7.385304202810229,CES_grid,0.33,0.6,40.0,1.4001431459810514,True,R interval is a hypothesis; other empirical restrictions not imposed,,,
sensitivity,bilateral,36,1.0,0.66,0.0021098039890823555,3.9330040769558576,3.64253768227148,3.9330040769558576,3.6425360082488134,-7.385357070598264,7.50326302689277,7.503263026892748,40.91580502215659,41.66517042063056,0.7493653984739668,-2.99398688352652,-2.345289725429107,-6.611981060038406,-0.3675866438886415,-0.4057893666712178,-7.385357070598267,CES_grid,0.4,0.6,40.0,1.400143145981052,True,R interval is a hypothesis; other empirical restrictions not imposed,,,
sensitivity,bilateral,36,1.0,0.66,0.0021098039890823555,4.131821103289464,3.8266689402304976,4.131821103289464,3.826667265581184,-7.385415666133888,7.503263026892748,7.503263026892748,40.91580502215659,41.66533801860406,0.7495329964474717,-2.99408079694829,-2.345363290942827,-6.611981060038396,-0.3675866438886488,-0.40584796220684083,-7.385415666133885,CES_grid,0.5,0.6,40.0,1.4001431459810523,True,R interval is a hypothesis; other empirical restrictions not imposed,,,
sensitivity,bilateral,36,1.116,0.58,0.0021098039890823555,3.5498611721063718,3.306706688900223,3.5498611721063718,3.3067049343527666,-6.8496899291943025,7.0469145447948245,7.0189539207044405,40.91580502215657,41.72877450745991,0.8129694853033387,-2.3184037616734203,-1.8160829466441792,-6.2135476838236965,-0.3450605472987265,-0.2910816980718795,-6.8496899291943025,CES_grid,0.33,0.6,40.0,1.1812904098484276,True,R interval is a hypothesis; other empirical restrictions not imposed,,,
sensitivity,bilateral,36,1.116,0.58,0.0021098039890823555,3.7232972706428775,3.4705252465884877,3.7232972706428775,3.4705236085679774,-6.788929426812739,6.987446499815664,6.963160040656602,40.91580502215651,41.696310645823296,0.7805056236667884,-2.2366249826286717,-1.7520229030591261,-6.167299538041936,-0.34256800701742,-0.27906188175338154,-6.788929426812738,CES_grid,0.4,0.6,40.0,1.1577611473285485,True,R interval is a hypothesis; other empirical restrictions not imposed,,,
sensitivity,bilateral,36,1.116,0.58,0.0021098039890823555,3.9380535656296196,3.6734592458702657,3.9380535656296196,3.673457735964839,-6.718911140992834,6.918133405165672,6.898155536020378,40.91580502215659,41.659326638111935,0.7435216159553448,-2.14244262925401,-1.6782467262489749,-6.113357111801805,-0.3396593143758948,-0.26589471481512944,-6.718911140992829,CES_grid,0.5,0.6,40.0,1.1310539266653599,False,R interval is a hypothesis; other empirical restrictions not imposed,,,
sensitivity,bilateral,36,1.116,0.622,0.0021098039890823555,3.7097847634723977,3.4352957719614623,3.7097847634723977,3.435292711749949,-7.399054366000756,7.555327395569189,7.496764517144383,40.915805022156576,42.03980372009284,1.1239986979362682,-3.0600799724189276,-2.397062645061493,-6.607688877030368,-0.36625545591626907,-0.4251100330541241,-7.39905436600076,CES_grid,0.33,0.6,40.0,1.4090827005012994,True,R interval is a hypothesis; other empirical restrictions not imposed,,,
sensitivity,bilateral,36,1.116,0.622,0.0021098039890823555,3.871305808584413,3.587347118030062,3.871305808584413,3.5873442330782925,-7.334958915534084,7.498640965466685,7.443377716859967,40.91580502215657,42.00227716901212,1.0864721468555494,-2.973378671143627,-2.329146625729175,-6.5638206180730965,-0.3639006384897119,-0.40723765897127356,-7.334958915534083,CES_grid,0.4,0.6,40.0,1.381023601739521,True,R interval is a hypothesis; other empirical restrictions not imposed,,,
sensitivity,bilateral,36,1.116,0.622,0.0021098039890823555,4.070384122047015,3.7748301195821945,4.070384122047015,3.77482742869019,-7.261083809362567,7.432440011997987,7.3810649261723205,40.91580502215657,41.95947106079453,1.0436660386379581,-2.8735082909854515,-2.2509148279386033,-6.5125639138466145,-0.36114788184755425,-0.3873720136683974,-7.2610838093625665,CES_grid,0.5,0.6,40.0,1.349174238572892,True,R interval is a hypothesis; other empirical restrictions not imposed,,,
sensitivity,bilateral,36,1.116,0.66,0.0021098039890823555,3.8605226312074947,3.5538242431691742,3.8605226312074947,3.553819406158911,-7.944478438205438,8.009228194597306,7.925137103646596,40.9158050221566,42.37561310568877,1.4598080835321714,-3.8000077982925475,-2.9766727753291624,-6.958149905717141,-0.38503011362872036,-0.601298418859573,-7.944478438205434,CES_grid,0.33,0.6,40.0,1.6638537908925268,False,R interval is a hypothesis; other empirical restrictions not imposed,,,
sensitivity,bilateral,36,1.116,0.66,0.0021098039890823555,4.010364448746296,3.694462339631945,4.010364448746296,3.694457748315716,-7.877142168789852,7.95579825729793,7.87459104300019,40.91580502215657,42.33296617186948,1.4171611497129089,-3.7084940542087117,-2.9049870091301577,-6.916938581485296,-0.38282586430645804,-0.5773777229980984,-7.877142168789852,CES_grid,0.4,0.6,40.0,1.6307317461083468,False,R interval is a hypothesis; other empirical restrictions not imposed,,,
sensitivity,bilateral,36,1.116,0.66,0.0021098039890823555,4.1942848074974615,3.8671506844800048,4.1942848074974615,3.867146366683526,-7.799520967977436,7.893293852026706,7.815498100310347,40.915805022156555,42.28427385595337,1.368468833796821,-3.6030657057788096,-2.8224014695267345,-6.8687109243792674,-0.38024515152634075,-0.5505648920718317,-7.79952096797744,CES_grid,0.5,0.6,40.0,1.5931350011358696,False,R interval is a hypothesis; other empirical restrictions not imposed,,,
sensitivity,bilateral,36,1.326,0.58,0.0021098039890823555,3.6725212573874284,3.3933514157886977,3.6725212573874284,3.393343934010948,-7.601585451334525,7.788280116989821,7.615141433345585,40.915805022156675,42.84476861708034,1.928963594923666,-3.423366917022398,-2.6816374183342124,-6.706226482061233,-0.37004673741154553,-0.5253122318617512,-7.60158545133453,CES_grid,0.33,0.6,40.0,1.4919995718316734,True,R interval is a hypothesis; other empirical restrictions not imposed,,,
sensitivity,bilateral,36,1.326,0.58,0.0021098039890823555,3.8277910386045195,3.543275269423962,3.8277910386045195,3.543268478696156,-7.432897102039348,7.639725255585117,7.489515579662154,40.91580502215661,42.74322968750309,1.8274246653464776,-3.1947756027677445,-2.5025742221680662,-6.603177177144671,-0.36449361313957274,-0.46522631175510754,-7.432897102039352,CES_grid,0.4,0.6,40.0,1.422400546181623,True,R interval is a hypothesis; other empirical restrictions not imposed,,,
sensitivity,bilateral,36,1.326,0.58,0.0021098039890823555,4.022860580015427,3.7315990257296687,4.022860580015427,3.7315929728225634,-7.240160291228426,7.4642324779035985,7.341560414266635,40.91580502215657,42.630038194119884,1.7142331719633142,-2.933973666401905,-2.2982793720148256,-6.481507324012578,-0.35793155309440117,-0.4007214141214492,-7.240160291228429,CES_grid,0.5,0.6,40.0,1.3457134449526504,True,R interval is a hypothesis; other empirical restrictions not imposed,,,
sensitivity,bilateral,36,1.326,0.622,0.0021098039890823555,3.8324986587652212,3.516369391812283,3.8324986587652212,3.516358839449328,-8.248646512371927,8.314987427055542,8.06346188928979,40.91580502215663,43.25794779338903,2.342142771232397,-4.303307258977381,-3.370924019532282,-7.072057840323437,-0.3897259562670743,-0.7868627157814102,-8.248646512371922,CES_grid,0.33,0.6,40.0,1.780841782262826,False,R interval is a hypothesis; other empirical restrictions not imposed,,,
sensitivity,bilateral,36,1.326,0.622,0.0021098039890823555,3.975613678726516,3.6547483737189417,3.975613678726516,3.654738726351117,-8.070837132001095,8.176826526673375,7.945313482436678,40.91580502215657,43.141251462097266,2.2254464399406926,-4.061066876582697,-3.1811690533231127,-6.975938144793426,-0.3845606356649156,-0.7103383515427507,-8.070837132001092,CES_grid,0.4,0.6,40.0,1.6978189750753263,False,R interval is a hypothesis; other empirical restrictions not imposed,,,
sensitivity,bilateral,36,1.326,0.622,0.0021098039890823555,4.154833391117819,3.8279425753650895,4.154833391117819,3.8279339020009195,-7.867723804558679,8.012897701947086,7.805595517739672,40.915805022156576,43.01126648040237,2.0954614582457953,-3.7847986896251453,-2.9647589735396975,-6.862003249820071,-0.3784330932594038,-0.6272874614792103,-7.867723804558685,CES_grid,0.5,0.6,40.0,1.6063356103231163,False,R interval is a hypothesis; other empirical restrictions not imposed,,,
sensitivity,bilateral,36,1.326,0.66,0.0021098039890823555,3.9814606535054224,3.6274219564467627,3.9814606535054224,3.627407706468893,-8.892181233712593,8.77440704303567,8.458487366520728,40.9158050221566,43.706249432014346,2.790444409857745,-5.183436377031938,-4.060358495341684,-7.391936179206508,-0.4068885802947234,-1.0933564742113568,-8.892181233712588,CES_grid,0.33,0.6,40.0,2.103969339217331,False,R interval is a hypothesis; other empirical restrictions not imposed,,,
sensitivity,bilateral,36,1.326,0.66,0.0021098039890823555,4.112961460225635,3.7549448955440985,4.112961460225635,3.7549317838457092,-8.704593226650259,8.646746207076571,8.34834279553971,40.91580502215658,43.57178156594643,2.655976543789851,-4.926357173781577,-3.8589797861289012,-7.302975338402789,-0.4021197097915125,-0.99949817845596,-8.704593226650262,CES_grid,0.4,0.6,40.0,2.0059448257176653,False,R interval is a hypothesis; other empirical restrictions not imposed,,,
sensitivity,bilateral,36,1.326,0.66,0.0021098039890823555,4.277169059793647,3.9140070486398884,4.277169059793647,3.913995170967179,-8.490709767999672,8.494885295534104,8.217620347227573,40.91580502215658,43.422748308777805,2.506943286621227,-4.633816405629416,-3.629822851076376,-7.197163296494843,-0.39644329073233137,-0.8971031807724952,-8.490709767999668,CES_grid,0.5,0.6,40.0,1.8979254728565809,False,R interval is a hypothesis; other empirical restrictions not imposed,,,
sensitivity,bilateral,36,1.469,0.58,0.0021098039890823555,3.735176363686028,3.4332739394170932,3.735176363686028,3.4332604661291946,-8.08268191039324,8.223434385644723,7.90670265348723,40.91580502215658,43.626515225002535,2.7107102028459504,-4.139625855006058,-3.2427069197547453,-6.945184412763312,-0.3821663996115564,-0.755331098018376,-8.082681910393244,CES_grid,0.33,0.6,40.0,1.682380229916425,False,R interval is a hypothesis; other empirical restrictions not imposed,,,
sensitivity,bilateral,36,1.469,0.58,0.0021098039890823555,3.8811774483164703,3.5768374488634356,3.8811774483164703,3.57682528467101,-7.841434809558823,8.024900172144434,7.749153916649965,40.915805022156576,43.47097851769357,2.5551734955369945,-3.811292059016179,-2.9855121128960067,-6.816615273530918,-0.37523137674011786,-0.6495881592877901,-7.841434809558826,CES_grid,0.4,0.6,40.0,1.5811724684866155,False,R interval is a hypothesis; other empirical restrictions not imposed,,,
sensitivity,bilateral,36,1.469,0.58,0.0021098039890823555,4.066200064292177,3.758502325014324,4.066200064292177,3.7584915514662303,-7.567206099373658,7.788069073314663,7.562192106209675,40.91580502215658,43.30024607792021,2.3844410557636255,-3.4388841973216557,-2.693792621235297,-6.663561397545749,-0.36696852949643183,-0.5366761723314778,-7.567206099373659,CES_grid,0.5,0.6,40.0,1.4713515996906072,True,R interval is a hypothesis; other empirical restrictions not imposed,,,
sensitivity,bilateral,36,1.469,0.622,0.0021098039890823555,3.894333741836717,3.5516476221497877,3.894333741836717,3.5516297764475633,-8.79960841582379,8.760694151445758,8.336162979046646,40.915805022156576,44.124264173505125,3.2084591513485474,-5.120020674314031,-4.01068286154599,-7.2937768244765255,-0.4009418639257514,-1.1048897274215141,-8.79960841582379,CES_grid,0.33,0.6,40.0,2.0080867893653944,False,R interval is a hypothesis; other empirical restrictions not imposed,,,
sensitivity,bilateral,36,1.469,0.622,0.0021098039890823555,4.028233972263825,3.684078128793348,4.028233972263825,3.684061914404741,-8.543591207465672,8.577538235355098,8.189211072869519,40.91580502215656,43.94073064838195,3.024925626225383,-4.769119944756927,-3.735810623392926,-7.174803297447588,-0.39453840646202787,-0.9742495035560529,-8.54359120746567,CES_grid,0.4,0.6,40.0,1.8873688783969218,False,R interval is a hypothesis; other empirical restrictions not imposed,,,
sensitivity,bilateral,36,1.469,0.622,0.0021098039890823555,4.19749030941805,3.851047000193354,4.19749030941805,3.8510325327505806,-8.253582109465963,8.358338640629048,8.01393050777104,40.91580502215659,43.74152887367477,2.8257238515181804,-4.372793979754748,-3.4253552841412196,-7.0324771797825925,-0.3868718524188337,-0.8342330772645323,-8.25358210946596,CES_grid,0.5,0.6,40.0,1.7563675210122969,False,R interval is a hypothesis; other empirical restrictions not imposed,,,
sensitivity,bilateral,36,1.469,0.66,0.0021098039890823555,4.041649865244115,3.65675177297544,4.041649865244115,3.656728906306127,-9.523291356299302,9.227262212877307,8.711487352974112,40.91580502215659,44.6539736010571,3.738168578900508,-6.113374112242773,-4.788809721256839,-7.596203094606299,-0.4171978486527019,-1.5098904130402995,-9.523291356299298,CES_grid,0.33,0.6,40.0,2.3724231985700173,False,R interval is a hypothesis; other empirical restrictions not imposed,,,
sensitivity,bilateral,36,1.469,0.66,0.0021098039890823555,4.164124601870707,3.7789931903194742,4.164124601870707,3.7789722790992837,-9.248796526843005,9.059044136926154,8.575479995696389,40.915805022156604,44.46740146222937,3.551596440072763,-5.738425354817429,-4.495099861273653,-7.486850215936533,-0.4113234748786437,-1.3506228360278256,-9.248796526843003,CES_grid,0.4,0.6,40.0,2.2299029700828243,False,R interval is a hypothesis; other empirical restrictions not imposed,,,
sensitivity,bilateral,36,1.469,0.66,0.0021098039890823555,4.318593785687708,3.9325602726739426,4.318593785687708,3.932541487153535,-8.938870664175969,8.856042854097534,8.412526799225063,40.91580502215659,44.228860892525084,3.3130558703684976,-5.311457773961313,-4.160641922936362,-7.355476048127839,-0.4042608084852998,-1.179133807562834,-8.938870664175973,CES_grid,0.5,0.6,40.0,2.075232071833321,False,R interval is a hypothesis; other empirical restrictions not imposed,,,
sensitivity,bilateral,36,2.0,0.58,0.0021098039890823555,3.884317452403732,3.502401782063869,3.884317452403732,3.5023547529527184,-9.832246592088456,9.593885904147271,8.560883973983579,40.91580502215656,46.66477448107415,5.74896945891758,-6.773278553190762,-5.305734866666097,-7.476612161237905,-0.4091784298143699,-1.9464560010361776,-9.832246592088453,CES_grid,0.33,0.6,40.0,2.249628896531725,False,R interval is a hypothesis; other empirical restrictions not imposed,,,
sensitivity,bilateral,36,2.0,0.58,0.0021098039890823555,4.008575417205452,3.635887737383639,4.008575417205452,3.6358449387282494,-9.297260024650589,9.2512759030567,8.339574384883687,40.91580502215657,46.34799240724498,5.432187385088411,-6.048295569438734,-4.737831529393674,-7.298122425862548,-0.3995027791772825,-1.5996348196107588,-9.297260024650589,CES_grid,0.4,0.6,40.0,2.042107409027437,False,R interval is a hypothesis; other empirical restrictions not imposed,,,
sensitivity,bilateral,36,2.0,0.58,0.0021098039890823555,4.169903800576339,3.8073098975806516,4.169903800576339,3.807271757508098,-8.695498033925197,8.81511372026187,8.070763625218058,40.915805022156576,45.93558114206342,5.019776119906844,-5.225504455349221,-4.09331182335689,-7.080345194812731,-0.38769089051272926,-1.227461948599733,-8.695498033925194,CES_grid,0.5,0.6,40.0,1.8251868010958405,False,R interval is a hypothesis; other empirical restrictions not imposed,,,
sensitivity,bilateral,36,2.0,0.622,0.0021098039890823555,4.039391073431377,3.601551139101588,4.039391073431377,3.6014957651537904,-10.839255877194699,10.132788144826964,8.938110959905444,40.91580502215658,47.26843388460171,6.3526288624451315,-8.138902483677622,-6.3754736122141376,-7.779190767870233,-0.4255696058387486,-2.634495503485717,-10.839255877194699,CES_grid,0.33,0.6,40.0,2.6833081246264645,False,R interval is a hypothesis; other empirical restrictions not imposed,,,
sensitivity,bilateral,36,2.0,0.622,0.0021098039890823555,4.152096422102921,3.725147414883733,4.152096422102921,3.7250966734242024,-10.282733439098468,9.851047791027835,8.735326620045347,40.91580502215654,46.935358648269315,6.0195536261127724,-7.384162106898624,-5.78426031707059,-7.616794131047416,-0.41677406760182534,-2.249165240449222,-10.282733439098463,CES_grid,0.4,0.6,40.0,2.4359111183628825,False,R interval is a hypothesis; other empirical restrictions not imposed,,,
sensitivity,bilateral,36,2.0,0.622,0.0021098039890823555,4.298273101839383,3.88343112189562,4.298273101839383,3.8833854898236395,-9.651363934186442,9.482440548820392,8.487249313569588,40.91580502215656,46.5597237532465,5.643918731089936,-6.52829375547839,-5.113830108458072,-7.417304955519749,-0.40596401596849535,-1.8280949626981955,-9.65136393418644,CES_grid,0.5,0.6,40.0,2.17729147249918,False,R interval is a hypothesis; other empirical restrictions not imposed,,,
sensitivity,bilateral,36,2.0,0.66,0.0021098039890823555,4.181025260170033,3.6868284133891835,4.181025260170033,3.6867645768572643,-11.819991892628545,10.54250174148461,9.262115882091116,40.9158050221565,47.86139235380222,6.945587331645725,-9.469753878260697,-7.417973871304214,-8.037421996733205,-0.4395471771808478,-3.3430227187144945,-11.819991892628545,CES_grid,0.33,0.6,40.0,3.1682005727876974,False,R interval is a hypothesis; other empirical restrictions not imposed,,,
sensitivity,bilateral,36,2.0,0.66,0.0021098039890823555,4.283097348546461,3.8013925882671025,4.283097348546461,3.801333705693445,-11.246645151384026,10.31546829670129,9.077283755077282,40.915805022156576,47.51533892008267,6.599533897926091,-8.691705128754842,-6.8085023508579585,-7.890297930202,-0.4315849060624801,-2.9247623151195445,-11.246645151384024,CES_grid,0.4,0.6,40.0,2.8762428383248837,False,R interval is a hypothesis; other empirical restrictions not imposed,,,
sensitivity,bilateral,36,2.0,0.66,0.0021098039890823555,4.415363309505839,3.9476330522439262,4.415363309505839,3.9475796947860733,-10.593245096160853,10.01278709949258,8.849769987142864,40.91580502215646,47.122911222637526,6.207106200481066,-7.8053656444027455,-6.114203088115484,-7.708518201337796,-0.4217424213426105,-2.462984473480441,-10.59324509616085,CES_grid,0.5,0.6,40.0,2.5710243665106334,False,R interval is a hypothesis; other empirical restrictions not imposed,,,
sensitivity,flat_below,40,0.6,0.58,0.0021098039890823555,2.9625717652315977,2.9307953447699866,2.9625717652315977,2.930795169024519,-1.0725958045822104,0.9877278101263043,0.8978328330160545,40.915805022156576,40.58319616199564,-0.3326088601609378,1.5018708054910261,1.1764654643013037,-1.3726298473614227,0.4827863216814005,-0.18275227890218348,-1.0725958045822057,CES_grid,0.33,0.6,40.0,0.3657526627007203,False,R interval is a hypothesis; other empirical restrictions not imposed,,,
sensitivity,flat_below,40,0.6,0.58,0.0021098039890823555,3.2134653562165845,3.1772515979661864,3.2134653562165845,3.1772514215621985,-1.1269378765929705,1.0473274806767963,0.9697537714635995,40.91580502215657,40.579468199891224,-0.33633682226534845,1.4327889857796192,1.1223513721940352,-1.480937535833961,0.5204976662285109,-0.16649800698752557,-1.1269378765929756,CES_grid,0.4,0.6,40.0,0.411793249360789,False,R interval is a hypothesis; other empirical restrictions not imposed,,,
sensitivity,flat_below,40,0.6,0.58,0.0021098039890823555,3.516113464436579,3.4742334558430863,3.516113464436579,3.4742332824746276,-1.1910880868061913,1.1169547351363995,1.055634811822781,40.915805022156555,40.578260927234695,-0.33754409492186,1.3509898808594807,1.0582754066732598,-1.6099611431407685,0.5653535724808035,-0.14648051614622523,-1.1910880868061902,CES_grid,0.5,0.6,40.0,0.4721479381714465,False,R interval is a hypothesis; other empirical restrictions not imposed,,,
sensitivity,flat_below,40,0.6,0.622,0.0021098039890823555,3.0899074738020484,3.054464027865042,3.0899074738020484,3.054463852007381,-1.1470714329641085,1.0692925432745914,0.9966434390923595,40.91580502215657,40.57874389631081,-0.33706112584575565,1.4071427513127222,1.1022618218616325,-1.5213710867544332,0.5345626096059815,-0.16026295581565944,-1.1470714329641112,CES_grid,0.33,0.6,40.0,0.4300239868708367,False,R interval is a hypothesis; other empirical restrictions not imposed,,,
sensitivity,flat_below,40,0.6,0.622,0.0021098039890823555,3.335886506035889,3.2957671250713405,3.335886506035889,3.295766952759279,-1.2026602491408855,1.1293859415854923,1.0711693586485271,40.915805022156576,40.57847888040923,-0.3373261417473461,1.3361996257859121,1.0466897068656313,-1.6332640714659605,0.5734471469703931,-0.14284332464532362,-1.202660249140891,CES_grid,0.4,0.6,40.0,0.4837579698346833,False,R interval is a hypothesis; other empirical restrictions not imposed,,,
sensitivity,flat_below,40,0.6,0.622,0.0021098039890823555,3.6297553153691418,3.5837041824099707,3.6297553153691418,3.5837040240208395,-1.2687117714018092,1.1992584624350044,1.1593390192720987,40.91580502215657,40.586671940601846,-0.3291330815547222,1.2512411735723474,0.9801389192983389,-1.7653206760150515,0.6192682892440815,-0.12265938463083674,-1.2687117714018066,CES_grid,0.5,0.6,40.0,0.5541779885046848,False,R interval is a hypothesis; other empirical restrictions not imposed,,,
sensitivity,flat_below,40,0.6,0.66,0.0021098039890823555,3.216736073645294,3.177527455446149,3.216736073645294,3.177527284832085,-1.2188944725798678,1.1467405175319856,1.092950215392774,40.91580502215657,40.57897679347106,-0.3368282286855151,1.315436112487308,1.0304249547817246,-1.6659187155424318,0.5847847560881988,-0.13776051312563362,-1.2188944725798667,CES_grid,0.33,0.6,40.0,0.5004215916309277,False,R interval is a hypothesis; other empirical restrictions not imposed,,,
sensitivity,flat_below,40,0.6,0.66,0.0021098039890823555,3.4570242797664097,3.4129047434022866,3.4570242797664097,3.4129045878395377,-1.276228709828564,1.2070708448465917,1.1691955718992508,40.91580502215658,40.58874544717584,-0.32705957498074256,1.2414833436256176,0.9724952858400671,-1.7800618991722095,0.6243785260961485,-0.12054533675250517,-1.2762287098285663,CES_grid,0.4,0.6,40.0,0.5625645590967809,False,R interval is a hypothesis; other empirical restrictions not imposed,,,
sensitivity,flat_below,40,0.6,0.66,0.0021098039890823555,3.7414314680564242,3.6910594637079437,3.7414314680564242,3.691059334479239,-1.3463297344491365,1.2784508421630258,1.2586296264356145,40.91580502215665,40.609446719033016,-0.30635830312363277,1.1503809600435912,0.9011317520341465,-1.9136211791659297,0.6706361308011989,-0.10334468608440747,-1.346329734449138,CES_grid,0.5,0.6,40.0,0.6440139663608659,False,R interval is a hypothesis; other empirical restrictions not imposed,,,
sensitivity,flat_below,40,1.0,0.58,0.0021098039890823555,3.4633877679151936,3.4088203632145078,3.4633877679151936,3.408820346682599,-1.5755499631371905,1.5397795704474637,1.5397795704474415,40.91580502215649,40.965536905368005,0.04973188321151789,0.8300055863539801,0.6501710426439511,-2.324869994894178,0.8084401021355866,-0.059120070378602035,-1.575549963137193,CES_grid,0.33,0.6,40.0,0.9960614299692003,False,R interval is a hypothesis; other empirical restrictions not imposed,,,
sensitivity,flat_below,40,1.0,0.58,0.0021098039890823555,3.6501372163501653,3.5926273632472965,3.6501372163501653,3.5926273467091114,-1.5755531831861957,1.5397795704474415,1.5397795704474415,40.91580502215649,40.965554043068714,0.04974902091222089,0.8300001702097807,0.6501667999976615,-2.3248699948941707,0.8084401021355877,-0.059123290427607264,-1.5755531831861902,CES_grid,0.4,0.6,40.0,0.9960614299692003,False,R interval is a hypothesis; other empirical restrictions not imposed,,,
sensitivity,flat_below,40,1.0,0.58,0.0021098039890823555,3.879409494513757,3.8182871977626966,3.879409494513757,3.8182871812176282,-1.5755567139148163,1.5397795704474637,1.5397795704474637,40.9158050221565,40.965572834595385,0.049767812438883396,0.8299942314879056,0.6501621479988595,-2.3248699948941836,0.8084401021355764,-0.05912682115620815,-1.5755567139148152,CES_grid,0.5,0.6,40.0,0.9960614299692009,False,R interval is a hypothesis; other empirical restrictions not imposed,,,
sensitivity,flat_below,40,1.0,0.622,0.0021098039890823555,3.6222020190031765,3.56064936032747,3.6222020190031765,3.5606493153497807,-1.6993160059207812,1.652197098645658,1.6521970986456802,40.91580502215657,41.02508132391178,0.10927630175520675,0.6673618357527739,0.5227667713396728,-2.4911086887812552,0.8657654637427041,-0.07397278088223044,-1.6993160059207817,CES_grid,0.33,0.6,40.0,1.186877795863687,True,R interval is a hypothesis; other empirical restrictions not imposed,,,
sensitivity,flat_below,40,1.0,0.622,0.0021098039890823555,3.7975188051935236,3.7329866924553867,3.7975188051935236,3.732986647461928,-1.699323059306046,1.6521970986456802,1.652197098645658,40.915805022156576,41.02510712911593,0.1093021069593525,0.6673508915382993,0.5227581983716678,-2.491108688781269,0.865765463742736,-0.07397983426750945,-1.6993230593060427,CES_grid,0.4,0.6,40.0,1.1868777958636878,True,R interval is a hypothesis; other empirical restrictions not imposed,,,
sensitivity,flat_below,40,1.0,0.622,0.0021098039890823555,4.011536271404392,3.9433669985100224,4.011536271404392,3.943366953499172,-1.6993308369240845,1.652197098645658,1.652197098645658,40.91580502215659,41.02513558408481,0.109330561928217,0.6673388236055645,0.5227487451576922,-2.491108688781264,0.8657654637427251,-0.07398761188554553,-1.6993308369240847,CES_grid,0.5,0.6,40.0,1.186877795863688,True,R interval is a hypothesis; other empirical restrictions not imposed,,,
sensitivity,flat_below,40,1.0,0.66,0.0021098039890823555,3.7732839554743776,3.7045250668806533,3.7732839554743776,3.704524975225605,-1.8222558759185659,1.7540154367695848,1.7540154367695848,40.91580502215659,41.09021971508266,0.1744146929260726,0.5053353245998684,0.39584600426989697,-2.6412713176760723,0.9174912494000012,-0.09847580764249271,-1.8222558759185639,CES_grid,0.33,0.6,40.0,1.4001431459810523,True,R interval is a hypothesis; other empirical restrictions not imposed,,,
sensitivity,flat_below,40,1.0,0.66,0.0021098039890823555,3.9371609255251374,3.8654153174114705,3.9371609255251374,3.865415225727096,-1.8222676052820352,1.754015436769607,1.7540154367695848,40.91580502215659,41.09025323438541,0.17444821222881712,0.5053178645409508,0.39583232722374473,-2.6412713176760687,0.9174912493999928,-0.09848753700595918,-1.822267605282035,CES_grid,0.4,0.6,40.0,1.400143145981052,True,R interval is a hypothesis; other empirical restrictions not imposed,,,
sensitivity,flat_below,40,1.0,0.66,0.0021098039890823555,4.136188084433053,4.0608151311818474,4.136188084433053,4.060815039464966,-1.8222806050546714,1.7540154367695626,1.7540154367695626,40.91580502215659,41.090290384180946,0.1744853620243625,0.5052985134269106,0.3958171688510799,-2.6412713176760545,0.9174912494000186,-0.0985005367786325,-1.8222806050546685,CES_grid,0.5,0.6,40.0,1.400143145981052,True,R interval is a hypothesis; other empirical restrictions not imposed,,,
sensitivity,flat_below,40,1.116,0.58,0.0021098039890823555,3.5533908043416957,3.4932313796969483,3.5533908043416957,3.493231280678522,-1.6930145868346957,1.6548446151776863,1.6480501317095664,40.91580502215657,41.10884075247835,0.19303573032178334,0.668871269295712,0.5239491609483077,-2.4839193854205117,0.8625895816769952,-0.07168478309117368,-1.6930145868346904,CES_grid,0.33,0.6,40.0,1.181594660519051,True,R interval is a hypothesis; other empirical restrictions not imposed,,,
sensitivity,flat_below,40,1.116,0.58,0.0021098039890823555,3.7269710336760884,3.664440626049299,3.7269710336760884,3.6644405335504393,-1.6777808859199217,1.6412915811125472,1.6353324385532497,40.91580502215652,41.1011742944786,0.18536927232207234,0.6889169421336069,0.5396516046713253,-2.4651291357622034,0.8561095169776324,-0.06876126713534715,-1.6777808859199181,CES_grid,0.4,0.6,40.0,1.1580593455460002,True,R interval is a hypothesis; other empirical restrictions not imposed,,,
sensitivity,flat_below,40,1.116,0.58,0.0021098039890823555,3.941904310659831,3.876459824360849,3.941904310659831,3.8764597390325806,-1.6602251384439937,1.6254862948611004,1.6205078402283357,40.915805022156576,41.09244050193151,0.1766354797749392,0.7120101892198116,0.5577413148888525,-2.4432186773875033,0.8485525271492357,-0.06555898820572291,-1.6602251384439906,CES_grid,0.5,0.6,40.0,1.1313452543619054,False,R interval is a hypothesis; other empirical restrictions not imposed,,,
sensitivity,flat_below,40,1.116,0.622,0.0021098039890823555,3.713714340047139,3.645727473698501,3.713714340047139,3.645727301749752,-1.8306972514147368,1.7704391182961299,1.756722211264261,40.91580502215656,41.18228516287933,0.2664801407227746,0.48737444735671753,0.3817766504294287,-2.644246320863621,0.9178520610160957,-0.10430299156721552,-1.8306972514147406,CES_grid,0.33,0.6,40.0,1.4094455226889626,True,R interval is a hypothesis; other empirical restrictions not imposed,,,
sensitivity,flat_below,40,1.116,0.622,0.0021098039890823555,3.8753784476403377,3.8050544679313703,3.8753784476403377,3.8050543057683313,-1.8146351552268847,1.757575116475918,1.7446013492413703,40.915805022156576,41.17341888991074,0.2576138677541695,0.5085715205892224,0.39838102446155743,-2.6263848860105226,0.9116979875352103,-0.09994825675157094,-1.8146351552268833,CES_grid,0.4,0.6,40.0,1.3813792113569385,True,R interval is a hypothesis; other empirical restrictions not imposed,,,
sensitivity,flat_below,40,1.116,0.622,0.0021098039890823555,4.074631774922472,4.0014464305506126,4.074631774922472,4.00144627922395,-1.796121672203177,1.7425442076479447,1.7304471798726295,40.915805022156576,41.16330666974774,0.247501647591164,0.5329952422935917,0.41751293979664683,-2.605520540250676,0.904508475678735,-0.09510960763123663,-1.7961216722031779,CES_grid,0.5,0.6,40.0,1.3495216606294582,True,R interval is a hypothesis; other empirical restrictions not imposed,,,
sensitivity,flat_below,40,1.116,0.66,0.0021098039890823555,3.86483557004207,3.7888009453548923,3.86483557004207,3.788800674226646,-1.9673443619840691,1.873223610539121,1.8537863273112798,40.91580502215662,41.261661833787734,0.34585681163111226,0.3067351539247745,0.2402758705744067,-2.7870930413750825,0.9670464882169513,-0.14729780882593668,-1.967344361984068,CES_grid,0.33,0.6,40.0,1.6642820774411358,False,R interval is a hypothesis; other empirical restrictions not imposed,,,
sensitivity,flat_below,40,1.116,0.66,0.0021098039890823555,4.014817425271506,3.9365095285772496,4.014817425271506,3.936509271171772,-1.9504721734378894,1.8611449590858475,1.8423510055442405,40.915805022156576,41.251571164576085,0.335766142419508,0.3290622404988079,0.25776542172406613,-2.7702813312011263,0.961258869176527,-0.14144971141329163,-1.9504721734378907,CES_grid,0.4,0.6,40.0,1.6311515241324368,False,R interval is a hypothesis; other empirical restrictions not imposed,,,
sensitivity,flat_below,40,1.116,0.66,0.0021098039890823555,4.1989085252497675,4.117826613870721,4.1989085252497675,4.117826371739032,-1.9310235241245977,1.8470079840241294,1.8289760427950608,40.91580502215656,41.240053159794,0.32424813763743954,0.35478982959209077,0.2779186998471378,-2.7506121693070686,0.9544868286904463,-0.1348981835079744,-1.9310235241245965,CES_grid,0.5,0.6,40.0,1.5935451203661577,False,R interval is a hypothesis; other empirical restrictions not imposed,,,
sensitivity,flat_below,40,1.326,0.58,0.0021098039890823555,3.676486225087428,3.606990311088639,3.676486225087428,3.6069898813735133,-1.8902808209797173,1.8312604681629097,1.7892429215567773,40.915805022156675,41.378975261499704,0.46317023934303037,0.39595326053428115,0.3101633874185202,-2.6907763380702976,0.9329845811008103,-0.13248906401023303,-1.8902808209797204,CES_grid,0.33,0.6,40.0,1.49291209805378,True,R interval is a hypothesis; other empirical restrictions not imposed,,,
sensitivity,flat_below,40,1.326,0.58,0.0021098039890823555,3.8318587550774827,3.76105231282186,3.8318587550774827,3.7610519227705144,-1.8478353922048774,1.7977170940627785,1.7608301647628055,40.9158050221566,41.354614230248174,0.4388092080915784,0.45204211420450635,0.35409965612686334,-2.648908746969994,0.9185473083773592,-0.11747395361224269,-1.8478353922048774,CES_grid,0.4,0.6,40.0,1.4232706388691145,True,R interval is a hypothesis; other empirical restrictions not imposed,,,
sensitivity,flat_below,40,1.326,0.58,0.0021098039890823555,4.027055139573352,3.9545939364633456,4.027055139573352,3.954593588718195,-1.7993595964937104,1.7580219234462513,1.7273218271122603,40.91580502215659,41.32747488357302,0.41166986141643047,0.5160460745585933,0.40423609173756475,-2.5994975065685315,0.9015054665855287,-0.10136755651070685,-1.7993595964937095,CES_grid,0.5,0.6,40.0,1.3465367665324786,True,R interval is a hypothesis; other empirical restrictions not imposed,,,
sensitivity,flat_below,40,1.326,0.622,0.0021098039890823555,3.83686733647746,3.7580862394676813,3.83686733647746,3.758085633009373,-2.0532661179290534,1.949749540443979,1.8903524254479498,40.91580502215662,41.478213471409084,0.5624084492524661,0.18013555035076056,0.1411061811080958,-2.839545207083947,0.9842641324295945,-0.19798504327470154,-2.0532661179290543,CES_grid,0.33,0.6,40.0,1.7819302808408295,False,R interval is a hypothesis; other empirical restrictions not imposed,,,
sensitivity,flat_below,40,1.326,0.622,0.0021098039890823555,3.980082478232873,3.900144801822801,3.980082478232873,3.900144247565663,-2.0084427106034197,1.9187364957172548,1.8637498414396214,40.91580502215659,41.45016337236098,0.5343583502043947,0.23954895758316216,0.18764668344014374,-2.8004365339494455,0.9707867867717517,-0.1787929634257266,-2.00844271060342,CES_grid,0.4,0.6,40.0,1.6988569132306912,False,R interval is a hypothesis; other empirical restrictions not imposed,,,
sensitivity,flat_below,40,1.326,0.622,0.0021098039890823555,4.159425635977874,4.07801436347912,4.159425635977874,4.078013865306559,-1.9572719799235916,1.8818764898645313,1.8322505985202575,40.91580502215657,41.41893316366197,0.503128141505399,0.3073135114400464,0.24072891729470303,-2.754098408857488,0.954815187921894,-0.15798875898799541,-1.957271979923589,CES_grid,0.5,0.6,40.0,1.607317817706909,False,R interval is a hypothesis; other empirical restrictions not imposed,,,
sensitivity,flat_below,40,1.326,0.66,0.0021098039890823555,3.9862094475471768,3.8978874934263334,3.9862094475471768,3.897886672763926,-2.215687742529193,2.0525170912806923,1.9790732598818028,40.91580502215657,41.58594263033131,0.6701376081747423,-0.03562801494856404,-0.0279086117097085,-2.9698022789705014,1.0291362220841471,-0.27502168564283486,-2.2156877425291897,CES_grid,0.33,0.6,40.0,2.1052544928191925,False,R interval is a hypothesis; other empirical restrictions not imposed,,,
sensitivity,flat_below,40,1.326,0.66,0.0021098039890823555,4.117806629618702,4.0285199628260075,4.117806629618702,4.028519208288634,-2.168306451072033,2.024017980828363,1.9543699006628446,40.91580502215657,41.553643608967676,0.6378385868111014,0.02738350098525778,0.02145040910511859,-2.93356018713364,1.0166537293064346,-0.25139999324483225,-2.168306451072038,CES_grid,0.4,0.6,40.0,2.007170341391002,False,R interval is a hypothesis; other empirical restrictions not imposed,,,
sensitivity,flat_below,40,1.326,0.66,0.0021098039890823555,4.282132924202053,4.191595196397097,4.282132924202053,4.1915945133710695,-2.1143138106070603,1.990058574272524,1.9250166427283721,40.915805022156576,41.51781947000545,0.6020144478488754,0.0991102143283089,0.0776363345571753,-2.8904696028076913,1.0018099722912628,-0.22565418009063645,-2.1143138106070647,CES_grid,0.5,0.6,40.0,1.899085250587565,False,R interval is a hypothesis; other empirical restrictions not imposed,,,
sensitivity,flat_below,40,1.469,0.58,0.0021098039890823555,3.7393635534445493,3.663918201649576,3.7393635534445493,3.663917419808744,-2.017598736166648,1.9344498012771938,1.8578538394529165,40.91580502215657,41.56969084144775,0.6538858192911834,0.21852010060150062,0.1711740788045088,-2.791089488007572,0.9671222931153186,-0.19363154127439117,-2.0175987361666445,CES_grid,0.33,0.6,40.0,1.683716665729003,False,R interval is a hypothesis; other empirical restrictions not imposed,,,
sensitivity,flat_below,40,1.469,0.58,0.0021098039890823555,3.8854462912669705,3.8094218811451572,3.8854462912669705,3.8094211759194896,-1.9566455028007357,1.889930310024912,1.822384570835922,40.91580502215656,41.532044936923015,0.6162399147664477,0.2992754928189048,0.23443246937480877,-2.738884951863458,0.9491168389706311,-0.16687738990791212,-1.9566455028007388,CES_grid,0.4,0.6,40.0,1.5824288051490503,False,R interval is a hypothesis; other empirical restrictions not imposed,,,
sensitivity,flat_below,40,1.469,0.58,0.0021098039890823555,4.070570199358125,3.993740951505484,4.070570199358125,3.9937403274370644,-1.8874320817450996,1.8366735538517753,1.7802156450212214,40.91580502215657,41.49073245031857,0.5749274281619976,0.3908618883566908,0.30617514587940786,-2.6767659186450334,0.9276876388051909,-0.13835380190525612,-1.8874320817450987,CES_grid,0.5,0.6,40.0,1.4725209813817788,True,R interval is a hypothesis; other empirical restrictions not imposed,,,
sensitivity,flat_below,40,1.469,0.622,0.0021098039890823555,3.8989227682878376,3.813183926217363,3.8989227682878376,3.8131828869754267,-2.1990392517604485,2.0543176674339136,1.9542362109337796,40.91580502215657,41.689926180916466,0.774121158759894,-0.02250244354638719,-0.01762691411133663,-2.9327389907464365,1.0159611465275324,-0.2822614075415482,-2.1990392517604525,CES_grid,0.33,0.6,40.0,2.0096807992464427,False,R interval is a hypothesis; other empirical restrictions not imposed,,,
sensitivity,flat_below,40,1.469,0.622,0.0021098039890823555,4.032901860970855,3.9468318052850515,4.032901860970855,3.9468308623789756,-2.1341966319280536,2.0135594230797693,1.9213059976685765,40.91580502215656,41.64566521531502,0.7298601931584547,0.06373610393467467,0.049926614748828486,-2.8843769499629266,0.9992892552344862,-0.24910893719961436,-2.134196631928055,CES_grid,0.4,0.6,40.0,1.8888674552243547,False,R interval is a hypothesis; other empirical restrictions not imposed,,,
sensitivity,flat_below,40,1.469,0.622,0.0021098039890823555,4.202256019534868,4.115655892790815,4.202256019534868,4.115655052674153,-2.0608008255917465,1.9646356532759812,1.881960070353328,40.915805022156576,41.5975071608219,0.6817021386653188,0.1611977374493789,0.12627156100201348,-2.8265460586334035,0.9793494901204159,-0.2136042570787551,-2.0608008255917425,CES_grid,0.5,0.6,40.0,1.7577624927020878,False,R interval is a hypothesis; other empirical restrictions not imposed,,,
sensitivity,flat_below,40,1.469,0.66,0.0021098039890823555,4.046614011350708,3.950214245684217,4.046614011350708,3.9502129078524417,-2.3822327851406366,2.157585121843808,2.038108678888917,40.91580502215659,41.817203606983036,0.9013985848264405,-0.2663162070420443,-0.20861436218293475,-3.0557556677771687,1.0583561615762074,-0.38483327893966995,-2.3822327851406317,CES_grid,0.33,0.6,40.0,2.3743050407580135,False,R interval is a hypothesis; other empirical restrictions not imposed,,,
sensitivity,flat_below,40,1.469,0.66,0.0021098039890823555,4.169164060631512,4.072740531224609,4.169164060631512,4.072739310145514,-2.3127784851982414,2.1204500485577427,2.0077542106052837,40.91580502215657,41.772025942254906,0.8562209200983328,-0.17411724657539593,-0.1363918431507268,-3.011260993584464,1.0430241412564834,-0.3445416328702593,-2.31277848519824,CES_grid,0.4,0.6,40.0,2.2316722500063166,False,R interval is a hypothesis; other empirical restrictions not imposed,,,
sensitivity,flat_below,40,1.469,0.66,0.0021098039890823555,4.323726655783195,4.227121448296444,4.323726655783195,4.227120353458987,-2.2343042282179537,2.0754914853623907,1.9713281079377198,40.91580502215657,41.71506565066553,0.7992606285089576,-0.06948326736358283,-0.05442855943480654,-2.9578265326933675,1.0246084953142343,-0.30108619083882215,-2.2343042282179555,CES_grid,0.5,0.6,40.0,2.076879148285541,False,R interval is a hypothesis; other empirical restrictions not imposed,,,
sensitivity,flat_below,40,2.0,0.58,0.0021098039890823555,3.8890286399598932,3.7924345448695505,3.8890286399598932,3.7924317142190294,-2.4837589031316276,2.2540845899183592,2.0105280848929485,40.91580502215657,42.310755097451455,1.3949500752948818,-0.43455054802536314,-0.3403979292865345,-3.0138827647266933,1.042980228843547,-0.5128563672484833,-2.48375890313163,CES_grid,0.33,0.6,40.0,2.2524170987993926,False,R interval is a hypothesis; other empirical restrictions not imposed,,,
sensitivity,flat_below,40,2.0,0.58,0.0021098039890823555,4.013320234779269,3.9190735835577666,4.013320234779269,3.9190710213032096,-2.3483461500222402,2.1801329105804346,1.9613217822912254,40.91580502215656,42.232729079728976,1.3169240575724162,-0.25557065019690484,-0.2001970093209088,-2.9416236070575414,1.0180296912400675,-0.4247522342047675,-2.3483461500222416,CES_grid,0.4,0.6,40.0,2.0446391648303086,False,R interval is a hypothesis; other empirical restrictions not imposed,,,
sensitivity,flat_below,40,2.0,0.58,0.0021098039890823555,4.17469105151077,4.083017968359009,4.17469105151077,4.0830156976627965,-2.1959249683539017,2.0851923268057515,1.9013676455892137,40.91580502215657,42.13392581471536,1.2181207925587911,-0.0532539939542616,-0.04171562859750492,-2.8534811914633242,0.9875909786821386,-0.33003475557271866,-2.1959249683539044,CES_grid,0.5,0.6,40.0,1.8274503851103465,False,R interval is a hypothesis; other empirical restrictions not imposed,,,
sensitivity,flat_below,40,2.0,0.622,0.0021098039890823555,4.044490466689784,3.9337256576225954,4.044490466689784,3.933722289633872,-2.738659170529445,2.3693917004036225,2.0940841194328597,40.91580502215656,42.459676749365,1.5438717272084401,-0.771616024006061,-0.6044325521380811,-3.136414828681328,1.0852831323695862,-0.6875274742177023,-2.738659170529444,CES_grid,0.33,0.6,40.0,2.686631985550759,False,R interval is a hypothesis; other empirical restrictions not imposed,,,
sensitivity,flat_below,40,2.0,0.622,0.0021098039890823555,4.157227673433839,4.049231533952575,4.157227673433839,4.0492284656512965,-2.597792278046196,2.3092717115900996,2.049216785619068,40.915805022156526,42.37748182647182,1.4616768043152983,-0.5853447683013968,-0.45852006850276084,-3.070644920639502,1.0625777838539463,-0.5897251412606415,-2.5977922780461973,CES_grid,0.4,0.6,40.0,2.4389294463412328,False,R interval is a hypothesis; other empirical restrictions not imposed,,,
sensitivity,flat_below,40,2.0,0.622,0.0021098039890823555,4.303444645597913,4.198528076141049,4.303444645597913,4.198525334579551,-2.4379672122467166,2.23009261120628,1.9941713754205725,40.915805022156555,42.28487567201685,1.369070649860299,-0.37405776280129827,-0.2930119141943503,-2.9898712504454656,1.0346895488554724,-0.48278551065672526,-2.437967212246719,CES_grid,0.5,0.6,40.0,2.1799902937602473,False,R interval is a hypothesis; other empirical restrictions not imposed,,,
sensitivity,flat_below,40,2.0,0.66,0.0021098039890823555,4.186480359188433,4.061438873038258,4.186480359188433,4.061434949493558,-2.9867926138895218,2.4561879170989176,2.1655346166627343,40.915805022156505,42.606186915621095,1.690381893464593,-1.099857880556144,-0.8615553397689796,-3.2410255974220177,1.1213923720020367,-0.8671593884695404,-2.9867926138895213,CES_grid,0.33,0.6,40.0,3.172123029228404,False,R interval is a hypothesis; other empirical restrictions not imposed,,,
sensitivity,flat_below,40,2.0,0.66,0.0021098039890823555,4.288582359476401,4.16671127442668,4.288582359476401,4.166707677449794,-2.8417568985337316,2.4081914302420016,2.1248106242333087,40.91580502215656,42.52067249968349,1.6048674775269278,-0.9080025699361384,-0.7112686797833083,-3.1814206167228134,1.10081884008743,-0.7611551218983537,-2.841756898533737,CES_grid,0.4,0.6,40.0,2.879804909898846,False,R interval is a hypothesis; other empirical restrictions not imposed,,,
sensitivity,flat_below,40,2.0,0.66,0.0021098039890823555,4.420886228978993,4.302565946885744,4.420886228978993,4.30256270987377,-2.676392830868579,2.3438353499475983,2.0745522381229176,40.91580502215647,42.42377263158497,1.5079676094284955,-0.6893057745890027,-0.5399561900947186,-3.107791081086341,1.0754018198693618,-0.6440035696515953,-2.6763928308685743,CES_grid,0.5,0.6,40.0,2.574209569965355,False,R interval is a hypothesis; other empirical restrictions not imposed,,,
sensitivity,flat_below,36,0.6,0.58,0.0021098039890823555,2.9625717652315977,2.855014996822974,2.9625717652315977,2.855012977594316,-3.630520268602355,3.434197280712481,3.137486666148881,40.915805022156576,39.78757989776685,-1.1282251243897312,2.0416307951836683,1.5992774562272067,-3.5287394601246103,0.4866964866471089,-0.5884772951248494,-3.6305202686023508,CES_grid,0.33,0.6,40.0,0.3657526627007203,False,R interval is a hypothesis; other empirical restrictions not imposed,,,
sensitivity,flat_below,36,0.6,0.58,0.0021098039890823555,3.2134653562165845,3.0910226777135126,3.2134653562165845,3.0910206512765863,-3.8103002500463057,3.6423605166434836,3.3886301102964866,40.91580502215657,39.77523040624338,-1.1405746159131869,1.8137181087148588,1.4207458518266396,-3.8004236908312876,0.52285815322676,-0.532734712441777,-3.8103002500463043,CES_grid,0.4,0.6,40.0,0.411793249360789,False,R interval is a hypothesis; other empirical restrictions not imposed,,,
sensitivity,flat_below,36,0.6,0.58,0.0021098039890823555,3.516113464436579,3.3746980663338775,3.516113464436579,3.3746960753940978,-4.021923624849855,3.8856422290210135,3.688567485377958,40.915805022156555,39.77156156661682,-1.1442434555397396,1.5440403336040651,1.2094982613231844,-4.122906315161261,0.5655541645511103,-0.46457147423969997,-4.021923624849851,CES_grid,0.5,0.6,40.0,0.4721479381714465,False,R interval is a hypothesis; other empirical restrictions not imposed,,,
sensitivity,flat_below,36,0.6,0.622,0.0021098039890823555,3.0899074738020484,2.970118330502082,3.0899074738020484,2.9701163105100603,-3.876787389771552,3.719099733429232,3.482535278041632,40.91580502215657,39.772897506800746,-1.1429075153558232,1.7291377731886266,1.3544912556644242,-3.9016187747760687,0.536282519064323,-0.5114511340598046,-3.8767873897715504,CES_grid,0.33,0.6,40.0,0.4300239868708367,False,R interval is a hypothesis; other empirical restrictions not imposed,,,
sensitivity,flat_below,36,0.6,0.622,0.0021098039890823555,3.335886506035889,3.2004484765215935,3.335886506035889,3.200446497901758,-4.060031097258154,3.92908387701556,3.742828446016455,40.915805022156576,39.77239819195396,-1.1434068302026146,1.495281543059333,1.1713038753964775,-4.181016849003095,0.5732219757757094,-0.45223622403076885,-4.060031097258155,CES_grid,0.4,0.6,40.0,0.4837579698346833,False,R interval is a hypothesis; other empirical restrictions not imposed,,,
sensitivity,flat_below,36,0.6,0.622,0.0021098039890823555,3.6297553153691418,3.4745028708410675,3.6297553153691418,3.474501055694751,-4.277215157470893,4.17326023210125,4.050847957704695,40.91580502215657,39.801397500436494,-1.1144075217200733,1.214310079471107,0.9512095622523673,-4.509571090703255,0.6164284232342596,-0.38407249000189597,-4.277215157470891,CES_grid,0.5,0.6,40.0,0.5541779885046848,False,R interval is a hypothesis; other empirical restrictions not imposed,,,
sensitivity,flat_below,36,0.6,0.66,0.0021098039890823555,3.216736073645294,3.0844169780420776,3.216736073645294,3.0844150192226323,-4.113458256252544,3.989731768851845,3.8189114204579155,40.91580502215657,39.774234124028695,-1.141570898127875,1.4268386927907961,1.1176903093527903,-4.262380084985115,0.5839448478907507,-0.43502301915818137,-4.113458256252546,CES_grid,0.33,0.6,40.0,0.5004215916309277,False,R interval is a hypothesis; other empirical restrictions not imposed,,,
sensitivity,flat_below,36,0.6,0.66,0.0021098039890823555,3.4570242797664097,3.308306076753997,3.4570242797664097,3.308304294928559,-4.301913755215558,4.200558983301406,4.085287507500834,40.91580502215658,39.80869385283473,-1.107111169321856,1.181840172266145,0.9257748016084801,-4.546168069235047,0.6212257403718623,-0.3769714263523741,-4.301913755215559,CES_grid,0.4,0.6,40.0,0.5625645590967809,False,R interval is a hypothesis; other empirical restrictions not imposed,,,
sensitivity,flat_below,36,0.6,0.66,0.0021098039890823555,3.7414314680564242,3.571861310027428,3.7414314680564242,3.571859838924045,-4.532226755367608,4.449952401206114,4.397838103655882,40.91580502215665,39.881683432385785,-1.0341215897708644,0.878456061763886,0.6881239150483773,-4.877034913935268,0.6644590756412878,-0.31965091707362775,-4.532226755367608,CES_grid,0.5,0.6,40.0,0.6440139663608659,False,R interval is a hypothesis; other empirical restrictions not imposed,,,
sensitivity,flat_below,36,1.0,0.58,0.0021098039890823555,3.4633877679151936,3.281812213116827,3.4633877679151936,3.2818120166029914,-5.24271513806458,5.314736409833554,5.314736409833576,40.91580502215649,41.090099034952004,0.17429401279551726,-0.18426107726045018,-0.1443378438540193,-5.819318333830455,0.7727915219024374,-0.19618832613656303,-5.242715138064581,CES_grid,0.33,0.6,40.0,0.9960614299692003,False,R interval is a hypothesis; other empirical restrictions not imposed,,,
sensitivity,flat_below,36,1.0,0.58,0.0021098039890823555,3.6501372163501653,3.45877050058344,3.6501372163501653,3.458770303992115,-5.242726627084893,5.314736409833554,5.314736409833554,40.91580502215649,41.090160373001225,0.1743553508447293,-0.18428330161005613,-0.1443552529278773,-5.819318333830466,0.7727915219024578,-0.19619981515688276,-5.242726627084892,CES_grid,0.4,0.6,40.0,0.9960614299692003,False,R interval is a hypothesis; other empirical restrictions not imposed,,,
sensitivity,flat_below,36,1.0,0.58,0.0021098039890823555,3.879409494513757,3.6760221712507932,3.879409494513757,3.676021974574482,-5.242739224889592,5.314736409833576,5.314736409833576,40.9158050221565,41.090227631330414,0.17442260917391317,-0.18430767071531046,-0.14437434206032654,-5.819318333830488,0.7727915219024698,-0.19621241296157194,-5.242739224889591,CES_grid,0.5,0.6,40.0,0.9960614299692009,False,R interval is a hypothesis; other empirical restrictions not imposed,,,
sensitivity,flat_below,36,1.0,0.622,0.0021098039890823555,3.6222020190031765,3.417574098906343,3.6222020190031765,3.4175735623649186,-5.649268567111754,5.710388617950968,5.710388617950968,40.91580502215657,41.295936588358,0.38013156620143596,-0.7298842258797812,-0.5717426436058285,-6.2273246268048155,0.8254065252746595,-0.24735046558159696,-5.649268567111752,CES_grid,0.33,0.6,40.0,1.186877795863687,True,R interval is a hypothesis; other empirical restrictions not imposed,,,
sensitivity,flat_below,36,1.0,0.622,0.0021098039890823555,3.7975188051935236,3.5829858083676953,3.7975188051935236,3.5829852716306725,-5.649293863467664,5.710388617950968,5.71038861795099,40.915805022156576,41.2960292539568,0.3802242318002247,-0.7299276359106832,-0.5717766481300351,-6.227324626804842,0.82540652527467,-0.24737576193749136,-5.649293863467664,CES_grid,0.4,0.6,40.0,1.1868777958636878,True,R interval is a hypothesis; other empirical restrictions not imposed,,,
sensitivity,flat_below,36,1.0,0.622,0.0021098039890823555,4.011536271404392,3.784911680000566,4.011536271404392,3.7849111430478155,-5.64932175783337,5.71038861795099,5.71038861795099,40.91580502215659,41.29613143624599,0.3803264140894047,-0.7299755038827157,-0.5718141447081273,-6.227324626804817,0.8254065252746501,-0.24740365630319833,-5.649321757833365,CES_grid,0.5,0.6,40.0,1.186877795863688,True,R interval is a hypothesis; other empirical restrictions not imposed,,,
sensitivity,flat_below,36,1.0,0.66,0.0021098039890823555,3.7732839554743776,3.54486640363314,3.7732839554743776,3.5448653078455097,-6.053547905130319,6.069640315896385,6.069640315896385,40.91580502215659,41.52129730734944,0.6054922851928546,-1.275159971120619,-0.9988753107111515,-6.594949908268667,0.8726336094485706,-0.331231606310218,-6.053547905130316,CES_grid,0.33,0.6,40.0,1.4001431459810523,True,R interval is a hypothesis; other empirical restrictions not imposed,,,
sensitivity,flat_below,36,1.0,0.66,0.0021098039890823555,3.9371609255251374,3.698821341346661,3.9371609255251374,3.6988202451939802,-6.053590104313223,6.069640315896385,6.069640315896385,40.91580502215659,41.52141798291659,0.6056129607600047,-1.2752279308538743,-0.9989285458355349,-6.594949908268668,0.8726336094485785,-0.3312738054931315,-6.053590104313221,CES_grid,0.4,0.6,40.0,1.400143145981052,True,R interval is a hypothesis; other empirical restrictions not imposed,,,
sensitivity,flat_below,36,1.0,0.66,0.0021098039890823555,4.136188084433053,3.8857982773318036,4.136188084433053,3.8857971807744573,-6.053636875064172,6.069640315896363,6.069640315896363,40.91580502215659,41.52155173072493,0.6057467085683443,-1.275303252183828,-0.9989875475439984,-6.594949908268635,0.8726336094485662,-0.3313205762441,-6.05363687506417,CES_grid,0.5,0.6,40.0,1.400143145981052,True,R interval is a hypothesis; other empirical restrictions not imposed,,,
sensitivity,flat_below,36,1.116,0.58,0.0021098039890823555,3.5533908043416957,3.353784974665727,3.5533908043416957,3.353783816568536,-5.617333996364293,5.707384853876052,5.684512771098715,40.91580502215657,41.57625116908049,0.6604461469239209,-0.7254094585219054,-0.5682374091754925,-6.198148225721659,0.8193915639856587,-0.2385773346282982,-5.617333996364298,CES_grid,0.33,0.6,40.0,1.181594660519051,True,R interval is a hypothesis; other empirical restrictions not imposed,,,
sensitivity,flat_below,36,1.116,0.58,0.0021098039890823555,3.7269710336760884,3.519478138499621,3.7269710336760884,3.519477057147902,-5.567333185624667,5.659576237109865,5.63965620119975,40.91580502215652,41.549916738680224,0.6341117165237053,-0.658164880741317,-0.5155624899140315,-6.15201884535776,0.8134401297487762,-0.22875447001567922,-5.567333185624663,CES_grid,0.4,0.6,40.0,1.1580593455460002,True,R interval is a hypothesis; other empirical restrictions not imposed,,,
sensitivity,flat_below,36,1.116,0.58,0.0021098039890823555,3.941904310659831,3.724716687049955,3.941904310659831,3.7247156900830305,-5.509713237395175,5.603845338900437,5.587388057868448,40.915805022156576,41.5199159501943,0.6041109280377266,-0.5807193661742965,-0.4548968368365323,-6.098214865986213,0.8064956932321586,-0.21799406464112134,-5.509713237395176,CES_grid,0.5,0.6,40.0,1.1313452543619054,False,R interval is a hypothesis; other empirical restrictions not imposed,,,
sensitivity,flat_below,36,1.116,0.622,0.0021098039890823555,3.713714340047139,3.4883150818269675,3.713714340047139,3.4883130641260225,-6.069375228718055,6.115875601163068,6.068446804999672,40.91580502215656,41.828561134935676,0.9127561127791173,-1.3351930565787853,-1.0459012276533817,-6.591274781430979,0.8700193206471221,-0.3481197679342013,-6.069375228718059,CES_grid,0.33,0.6,40.0,1.4094455226889626,True,R interval is a hypothesis; other empirical restrictions not imposed,,,
sensitivity,flat_below,36,1.116,0.622,0.0021098039890823555,3.8753784476403377,3.642211052530289,3.8753784476403377,3.6422091502082576,-6.016635491483957,6.070351635879301,6.0255677578802125,40.915805022156576,41.798113646101406,0.882308623944833,-1.2639133687524653,-0.990065472189431,-6.547519671628471,0.864392586999052,-0.3335084068545373,-6.0166354914839575,CES_grid,0.4,0.6,40.0,1.3813792113569385,True,R interval is a hypothesis; other empirical restrictions not imposed,,,
sensitivity,flat_below,36,1.116,0.622,0.0021098039890823555,4.074631774922472,3.831952882024023,4.074631774922472,3.831951107458522,-5.955848437447253,6.0171798897909134,5.9755136110510865,40.915805022156576,41.763384215939666,0.8475791937830879,-1.1818058401003746,-0.9257479080786266,-6.4963951041405,0.8578155800229968,-0.31726891332974516,-5.955848437447248,CES_grid,0.5,0.6,40.0,1.3495216606294582,True,R interval is a hypothesis; other empirical restrictions not imposed,,,
sensitivity,flat_below,36,1.116,0.66,0.0021098039890823555,3.86483557004207,3.612919836492539,3.86483557004207,3.6129166490670257,-6.518148805662872,6.480201828411225,6.412335800803515,40.91580502215662,42.10107045252836,1.1852654303717403,-1.9434674776899485,-1.5223828575237928,-6.940829907348455,0.91489715007211,-0.49221604838652117,-6.518148805662866,CES_grid,0.33,0.6,40.0,1.6642820774411358,False,R interval is a hypothesis; other empirical restrictions not imposed,,,
sensitivity,flat_below,36,1.116,0.66,0.0021098039890823555,4.014817425271506,3.755350146499718,4.014817425271506,3.755347120857764,-6.462741671353611,6.437333943310697,6.371774134822039,40.915805022156576,42.066451926495304,1.1506469043387313,-1.8682347620911242,-1.4634505636380473,-6.899725290140969,0.9096267074605007,-0.4726430886731438,-6.462741671353612,CES_grid,0.4,0.6,40.0,1.6311515241324368,False,R interval is a hypothesis; other empirical restrictions not imposed,,,
sensitivity,flat_below,36,1.116,0.66,0.0021098039890823555,4.1989085252497675,3.9302257165254635,4.1989085252497675,3.930222870976459,-6.398872638177366,6.387179346605887,6.324348535300328,40.91580502215656,42.026929391060065,1.1111243689034989,-1.78156357258359,-1.3955581318571457,-6.851622446288023,0.9034566475569824,-0.4507068394463229,-6.398872638177364,CES_grid,0.5,0.6,40.0,1.5935451203661577,False,R interval is a hypothesis; other empirical restrictions not imposed,,,
sensitivity,flat_below,36,1.326,0.58,0.0021098039890823555,3.676486225087428,3.4469285363462174,3.676486225087428,3.4469235741398645,-6.243942576875872,6.310581829837392,6.168977001482334,40.915805022156675,42.487552551812044,1.5717475296553707,-1.643665959213531,-1.2875383347172658,-6.690378571397282,0.8798516399790794,-0.43341564545767236,-6.243942576875875,CES_grid,0.33,0.6,40.0,1.49291209805378,True,R interval is a hypothesis; other empirical restrictions not imposed,,,
sensitivity,flat_below,36,1.326,0.58,0.0021098039890823555,3.8318587550774827,3.5979244194661266,3.8318587550774827,3.597919915577778,-6.10498326174932,6.191431111305357,6.068176004900527,40.9158050221566,42.404822381376306,1.4890173592197076,-1.4555002775706636,-1.1401418840970199,-6.58760933449383,0.8665945744962978,-0.3839685017517868,-6.104983261749318,CES_grid,0.4,0.6,40.0,1.4232706388691145,True,R interval is a hypothesis; other empirical restrictions not imposed,,,
sensitivity,flat_below,36,1.326,0.58,0.0021098039890823555,4.027055139573352,3.787597049458248,4.027055139573352,3.7875930347658224,-5.946233210516039,6.050612316755544,5.949417432017401,40.91580502215659,42.31261645270632,1.396811430549738,-1.2408424370515063,-0.9719932423570132,-6.4662686935604645,0.850931133224314,-0.33089565017989075,-5.946233210516041,CES_grid,0.5,0.6,40.0,1.3465367665324786,True,R interval is a hypothesis; other empirical restrictions not imposed,,,
sensitivity,flat_below,36,1.326,0.622,0.0021098039890823555,3.83686733647746,3.576837634211958,3.83686733647746,3.57683063386488,-6.777135602093276,6.732640819520741,6.52844675098927,40.91580502215662,42.824321908623986,1.9085168864673652,-2.368189899643956,-1.855082088054432,-7.0552065198506275,0.9268464901117675,-0.6487755723544177,-6.777135602093279,CES_grid,0.33,0.6,40.0,1.7819302808408295,False,R interval is a hypothesis; other empirical restrictions not imposed,,,
sensitivity,flat_below,36,1.326,0.622,0.0021098039890823555,3.980082478232873,3.7161798299169737,3.980082478232873,3.716173430625867,-6.630582400218755,6.621991080222589,6.43375276877276,40.91580502215659,42.72918206912693,1.813377046970338,-2.1686955878870635,-1.6988115438448665,-6.95935184380627,0.9145092995899784,-0.5857398560024668,-6.630582400218758,CES_grid,0.4,0.6,40.0,1.6988569132306912,False,R interval is a hypothesis; other empirical restrictions not imposed,,,
sensitivity,flat_below,36,1.326,0.622,0.0021098039890823555,4.159425635977874,3.890593470643619,4.159425635977874,3.890587717926242,-6.463204030117309,6.4906481894675405,6.321735059192912,40.91580502215657,42.623225663290725,1.7074206411341553,-1.941213336324212,-1.5206171134539659,-6.845729814803189,0.8998758878771647,-0.5173501031912858,-6.46320403011731,CES_grid,0.5,0.6,40.0,1.607317817706909,False,R interval is a hypothesis; other empirical restrictions not imposed,,,
sensitivity,flat_below,36,1.326,0.66,0.0021098039890823555,3.9862094475471768,3.6949072227644204,3.9862094475471768,3.6948977636681266,-7.307750097326238,7.100258889418587,6.84485056876043,40.91580502215657,43.18983132644135,2.274026304284782,-3.0932364596281525,-2.42303522670872,-7.374195838403027,0.9678500647661495,-0.9014043236893564,-7.307750097326234,CES_grid,0.33,0.6,40.0,2.1052544928191925,False,R interval is a hypothesis; other empirical restrictions not imposed,,,
sensitivity,flat_below,36,1.326,0.66,0.0021098039890823555,4.117806629618702,3.8232582458876276,4.117806629618702,3.823249544278851,-7.153040689488344,6.998158300627466,6.756659298789747,40.91580502215657,43.08020180825418,2.164396786097611,-2.881418647419742,-2.2571112738121313,-7.285483328900921,0.9564549168378847,-0.8240122774253065,-7.153040689488343,CES_grid,0.4,0.6,40.0,2.007170341391002,False,R interval is a hypothesis; other empirical restrictions not imposed,,,
sensitivity,flat_below,36,1.326,0.66,0.0021098039890823555,4.282132924202053,3.9833823063706606,4.282132924202053,3.983374425407944,-6.97667781733009,6.876651602375516,6.6519602111620335,40.915805022156576,42.95868194844214,2.042876926285564,-2.6404147280374497,-2.068324870296002,-7.179965567898807,0.9428929458938299,-0.7396051953251083,-6.976677817330086,CES_grid,0.5,0.6,40.0,1.899085250587565,False,R interval is a hypothesis; other empirical restrictions not imposed,,,
sensitivity,flat_below,36,1.469,0.58,0.0021098039890823555,3.7393635534445493,3.490850900940117,3.7393635534445493,3.4908419400523094,-6.645854273129248,6.664356797174742,6.40552145226414,40.91580502215657,43.12735865100224,2.211553628845669,-2.2401259143058256,-1.754765299539563,-6.929088324089359,0.909173788791671,-0.625939737831555,-6.6458542731292445,CES_grid,0.33,0.6,40.0,1.683716665729003,False,R interval is a hypothesis; other empirical restrictions not imposed,,,
sensitivity,flat_below,36,1.469,0.58,0.0021098039890823555,3.8854462912669705,3.634955731701007,3.8854462912669705,3.634947643573401,-6.446892860904352,6.505395029174799,6.279254038128879,40.91580502215656,43.00031058918082,2.0845055670242587,-1.9695445415950201,-1.542809890916099,-6.800881964770961,0.8926225448505708,-0.538633440983967,-6.446892860904358,CES_grid,0.4,0.6,40.0,1.5824288051490503,False,R interval is a hypothesis; other empirical restrictions not imposed,,,
sensitivity,flat_below,36,1.469,0.58,0.0021098039890823555,4.070570199358125,3.817348187041519,4.070570199358125,3.8173410253235955,-6.220799541954469,6.315635457779223,6.1293428216034895,40.91580502215657,42.86086990052488,1.9450648783683133,-1.6627214155079506,-1.3024651088145613,-6.648256785638809,0.8729050698494026,-0.4454478261650688,-6.220799541954475,CES_grid,0.5,0.6,40.0,1.4725209813817788,True,R interval is a hypothesis; other empirical restrictions not imposed,,,
sensitivity,flat_below,36,1.469,0.622,0.0021098039890823555,3.8989227682878376,3.616741078457987,3.8989227682878376,3.6167291978657943,-7.23742701766229,7.093986027194221,6.749436474250903,40.91580502215657,43.533797601962746,2.617992579806172,-3.0484038699928013,-2.387916364827695,-7.2766849252109695,0.9539944294359072,-0.9147365218872315,-7.237427017662294,CES_grid,0.33,0.6,40.0,2.0096807992464427,False,R interval is a hypothesis; other empirical restrictions not imposed,,,
sensitivity,flat_below,36,1.469,0.622,0.0021098039890823555,4.032901860970855,3.7495452626833146,4.032901860970855,3.749534472333262,-7.0261218362335125,6.947615837255516,6.631801652704539,40.91580502215656,43.38398333750912,2.468178315352554,-2.7590606765758627,-2.1612641966510924,-7.158053264631714,0.9387063625658055,-0.8067749341676005,-7.026121836233508,CES_grid,0.4,0.6,40.0,1.8888674552243547,False,R interval is a hypothesis; other empirical restrictions not imposed,,,
sensitivity,flat_below,36,1.469,0.622,0.0021098039890823555,4.202256019534868,3.917056304361867,4.202256019534868,3.9170466803820334,-6.7868238833427625,6.772313073485514,6.491428091340756,40.915805022156576,43.221293508052774,2.3054884858961957,-2.4323139851762097,-1.9053126217213643,-7.016133395875657,0.9204051220723618,-0.6910956095394652,-6.786823883342761,CES_grid,0.5,0.6,40.0,1.7577624927020878,False,R interval is a hypothesis; other empirical restrictions not imposed,,,
sensitivity,flat_below,36,1.469,0.66,0.0021098039890823555,4.046614011350708,3.7295742067265203,4.046614011350708,3.7295589643128992,-7.834693492754541,7.4663284829946885,7.049669696171557,40.91580502215659,43.96552228650097,3.049717264344376,-3.867351890188204,-3.0294256473140933,-7.578232893031454,0.9928135113743771,-1.2492741110974677,-7.834693492754544,CES_grid,0.33,0.6,40.0,2.3743050407580135,False,R interval is a hypothesis; other empirical restrictions not imposed,,,
sensitivity,flat_below,36,1.469,0.66,0.0021098039890823555,4.169164060631512,3.8519664603928874,4.169164060631512,3.8519525286574896,-7.608182254899742,7.332185552833592,6.940908724698214,40.91580502215657,43.81311227650661,2.89730725435004,-3.5582165391822853,-2.7872696223594566,-7.469199131595241,0.9787841842466535,-1.1177673075511572,-7.608182254899745,CES_grid,0.4,0.6,40.0,2.2316722500063166,False,R interval is a hypothesis; other empirical restrictions not imposed,,,
sensitivity,flat_below,36,1.469,0.66,0.0021098039890823555,4.323726655783195,4.005830274714208,4.323726655783195,4.005817765715934,-7.352369989527075,7.17014544872574,6.810547024624003,40.91580502215657,43.619110489636896,2.7033054674803214,-3.206254963187987,-2.51156638783059,-7.338206044331237,0.9619190442713116,-0.9760829894671526,-7.3523699895270775,CES_grid,0.5,0.6,40.0,2.076879148285541,False,R interval is a hypothesis; other empirical restrictions not imposed,,,
sensitivity,flat_below,36,2.0,0.58,0.0021098039890823555,3.8890286399598932,3.573596961924859,3.8890286399598932,3.573565379389349,-8.110808822387261,7.774017394071131,6.935141428975422,40.91580502215657,45.614112106044594,4.698307083888026,-4.436628992242505,-3.4753593772566287,-7.459859714358064,0.9744879868781589,-1.6254370949073507,-8.110808822387256,CES_grid,0.33,0.6,40.0,2.2524170987993926,False,R interval is a hypothesis; other empirical restrictions not imposed,,,
sensitivity,flat_below,36,2.0,0.58,0.0021098039890823555,4.013320234779269,3.70552806976417,4.013320234779269,3.705499367410073,-7.669265022705751,7.502388916627711,6.758342611506962,40.91580502215656,45.354209992784185,4.438404970627624,-3.838647143321873,-3.0069402622688,-7.281930049575822,0.9514246799856079,-1.3387596531155417,-7.669265022705756,CES_grid,0.4,0.6,40.0,2.0446391648303086,False,R interval is a hypothesis; other empirical restrictions not imposed,,,
sensitivity,flat_below,36,2.0,0.58,0.0021098039890823555,4.17469105151077,3.875263993490971,4.17469105151077,3.8752384512084985,-7.172436339006206,7.155746074847302,6.543422602274562,40.91580502215657,45.01920033231912,4.10339531016255,-3.1602545620764046,-2.4755327402931835,-7.064825637484388,0.9232709150487429,-1.0308816165705632,-7.172436339006208,CES_grid,0.5,0.6,40.0,1.8274503851103465,False,R interval is a hypothesis; other empirical restrictions not imposed,,,
sensitivity,flat_below,36,2.0,0.622,0.0021098039890823555,4.044490466689784,3.682834659497977,4.044490466689784,3.682797374824969,-8.941937437370317,8.200280978066687,7.2362021109117824,40.91580502215656,46.10954114014103,5.193736117984465,-5.56304804522179,-4.35772096875707,-7.761471170651699,1.0135614456993358,-2.194027712417959,-8.94193743737032,CES_grid,0.33,0.6,40.0,2.686631985550759,False,R interval is a hypothesis; other empirical restrictions not imposed,,,
sensitivity,flat_below,36,2.0,0.622,0.0021098039890823555,4.157227673433839,3.804585791246471,4.157227673433839,3.8045516756136584,-8.482621349821063,7.977587869527847,7.074408598514559,40.915805022156526,45.83616963910755,4.920364616951023,-4.940530057423444,-3.870081878315031,-7.599596378023646,0.992594115661675,-1.8756190874590908,-8.482621349821063,CES_grid,0.4,0.6,40.0,2.4389294463412328,False,R interval is a hypothesis; other empirical restrictions not imposed,,,
sensitivity,flat_below,36,2.0,0.622,0.0021098039890823555,4.303444645597913,3.960825186533472,4.303444645597913,3.9607945563194438,-7.961516582185246,7.685722064114309,6.876330813288556,40.915805022156555,45.527924532739064,4.612119510582508,-4.234574755046958,-3.3170835581201166,-7.400739465901136,0.966825837914207,-1.527602954198312,-7.961516582185241,CES_grid,0.5,0.6,40.0,2.1799902937602473,False,R interval is a hypothesis; other empirical restrictions not imposed,,,
sensitivity,flat_below,36,2.0,0.66,0.0021098039890823555,4.186480359188433,3.7782450373051093,4.186480359188433,3.7782019430047367,-9.751277609300956,8.52350252878027,7.494489244320457,40.915805022156505,46.59634114795491,5.680536125798402,-6.660639545970335,-5.217500977676764,-8.01885943769789,1.0468841327252918,-2.7793023043283576,-9.751277609300956,CES_grid,0.33,0.6,40.0,3.172123029228404,False,R interval is a hypothesis; other empirical restrictions not imposed,,,
sensitivity,flat_below,36,2.0,0.66,0.0021098039890823555,4.288582359476401,3.8906811121239633,4.288582359476401,3.8906414220940273,-9.27815333832177,8.344495065388124,7.347180174896861,40.91580502215656,46.31223813876915,5.396433116612586,-6.019003660521167,-4.714886200741581,-7.872217616720866,1.0279016664310083,-2.433837388031909,-9.278153338321767,CES_grid,0.4,0.6,40.0,2.879804909898846,False,R interval is a hypothesis; other empirical restrictions not imposed,,,
sensitivity,flat_below,36,2.0,0.66,0.0021098039890823555,4.420886228978993,4.034549247294356,4.420886228978993,4.034513343400742,-8.738903506545615,8.105478683990942,7.16573163735732,40.91580502215647,45.9901143322015,5.074309310045027,-5.2879715069189395,-4.1422443470865025,-7.691026489645129,1.0044378499055642,-2.0523148668060536,-8.738903506545618,CES_grid,0.5,0.6,40.0,2.574209569965355,False,R interval is a hypothesis; other empirical restrictions not imposed,,,
sensitivity,bilateral,40,1.326,0.622,0.003164705983623533,3.940202143776227,3.8825286996890274,3.940202143776227,3.8825284071888975,-1.4637179003188505,1.3911417864024722,1.3512183947083756,40.9158050221566,41.304073667237944,0.3882686450813466,0.9463525515080338,0.7413094986812931,-2.795237934076598,1.4620340356822963,-0.13051400192454984,-1.4637179003188514,efficiency,0.4,0.4,40.0,,,,0.085,0.269,0.646
sensitivity,bilateral,40,1.326,0.622,0.002637254986352944,3.95785552035667,3.889045773311274,3.95785552035667,3.8890453594419965,-1.7385613671717648,1.6567273620486045,1.6092358767251902,40.91580502215659,41.37758765801681,0.4617826358602195,0.58974754059191,0.46196890679699626,-2.801099524830734,1.217349915024046,-0.15481175736507705,-1.7385613671717652,efficiency,0.4,0.5,40.0,,,,0.085,0.269,0.646
sensitivity,bilateral,40,1.326,0.622,0.0021098039890823555,3.975613678726516,3.8955898125159076,3.975613678726516,3.895589256118815,-2.012868268333401,1.9231982861923624,1.8681310076982038,40.91580502215657,41.45115195205465,0.5353469298980784,0.23382205278636783,0.18316060801598813,-2.8069369956645045,0.9730651171699081,-0.17899638983880647,-2.0128682683334027,efficiency,0.4,0.6,40.0,,,,0.085,0.269,0.646
sensitivity,bilateral,40,1.326,0.622,0.0010549019945411775,4.011446692616902,3.90875942113617,4.011446692616902,3.908758515977622,-2.5598563149232145,2.458791216927181,2.3885504411255587,40.915805022156576,41.59842580444702,0.6826207822904384,-0.47596939132830185,-0.37284268987383645,-2.8185393562593526,0.48570972752172126,-0.22702668618558075,-2.559856314923212,efficiency,0.4,0.8,40.0,,,,0.085,0.269,0.646
sensitivity,bilateral,40,1.326,0.622,0.0,4.047705919261818,3.9220388052375164,4.047705919261818,3.9220374660100337,-3.1046503014532267,2.9979102380812916,2.9124687591929765,40.91580502215659,41.745883832233325,0.8300788100767342,-1.1829803310676714,-0.9266679260030095,-2.830044594506738,0.0,-0.2746057069464844,-3.1046503014532223,efficiency,0.4,1.0,40.0,,,,0.085,0.269,0.646
sensitivity,bilateral,40,1.326,0.622,0.0011155514023328946,3.9647274653798608,3.8876017335722546,3.9647274653798608,3.887601213964615,-1.945297185773065,1.8572731829603173,1.8040322432020695,40.91580502215659,41.4332109298315,0.5174059076749171,0.3214845852508375,0.2518295917798227,-2.7987235184499357,1.0266598747502733,-0.17323354207340197,-1.9452971857730645,peak,0.4,0.6,38.0,,,,0.085,0.269,0.646
sensitivity,bilateral,40,1.326,0.622,0.0014594328457154147,3.972238256987385,3.8940386319885234,3.972238256987385,3.894038099803777,-1.9686539411704285,1.8800501547404203,1.8261776119802287,40.915805022156576,41.43941400155525,0.5236089793986765,0.29118288465140757,0.22809325964360258,-2.8015867703430537,1.008160310853359,-0.17522748168073368,-1.9686539411704282,peak,0.4,0.6,39.0,,,,0.085,0.269,0.646
sensitivity,bilateral,40,1.326,0.622,0.0021098039890823555,3.975613678726516,3.8955898125159076,3.975613678726516,3.895589256118815,-2.012868268333401,1.9231982861923624,1.8681310076982038,40.91580502215657,41.45115195205465,0.5353469298980784,0.23382205278636783,0.18316060801598813,-2.8069369956645045,0.9730651171699081,-0.17899638983880647,-2.0128682683334027,peak,0.4,0.6,40.0,,,,0.085,0.269,0.646
sensitivity,bilateral,40,1.326,0.622,0.003805787903135696,3.965066704704462,3.8806738696040783,3.965066704704462,3.880673247384479,-2.1284089622061964,2.0361396474955162,1.9779522737870758,40.915805022156576,41.48182441686579,0.5660193947092163,0.08392677450596209,0.0657426400296703,-2.8204977265933295,0.8809095806412156,-0.18882081625408442,-2.1284089622061986,peak,0.4,0.6,41.0,,,,0.085,0.269,0.646
sensitivity,bilateral,40,1.326,0.622,0.019403279309429547,3.789313117531507,3.6680086704536317,3.789313117531507,3.668007257398722,-3.2012252172208266,3.0974801926967555,3.0103124269571513,40.91580502215659,41.76753094910903,0.8517259269524402,-1.3079636686946605,-1.024571540477484,-2.9223408375658697,0.0,-0.2788843796549621,-3.201225217220832,peak,0.4,0.6,42.0,,,,0.085,0.269,0.646
sensitivity,bilateral,40,1.326,0.622,0.0017738243411555166,4.004037812246647,3.9103916152085456,4.004037812246647,3.910390859486059,-2.338794023165258,2.2408808261746627,2.176571030053087,40.91580502215659,41.539817846995426,0.6240128248388321,0.009176954646498264,0.007188614473090307,-3.005076995280148,0.874871403028588,-0.20858843091369725,-2.3387940231652573,hours_distribution,0.4,0.6,40.0,,,,0.035,0.269,0.6960000000000001
sensitivity,bilateral,40,1.326,0.622,0.0019280242332594649,3.9902800816772617,3.9032720321042125,3.9902800816772617,3.9032713771675764,-2.1804998093386097,2.086378839145575,2.0265725079663843,40.91580502215659,41.496671032007285,0.5808660098506946,0.11575613867440163,0.0906756419616146,-2.9064789304642837,0.9201606036302167,-0.194181482504542,-2.180499809338609,hours_distribution,0.4,0.6,40.0,,,,0.060000000000000005,0.269,0.671
sensitivity,bilateral,40,1.326,0.622,0.0021098039890823555,3.975613678726516,3.8955898125159076,3.975613678726516,3.895589256118815,-2.012868268333401,1.9231982861923624,1.8681310076982038,40.91580502215657,41.45115195205465,0.5353469298980784,0.23382205278636783,0.18316060801598813,-2.8069369956645045,0.9730651171699081,-0.17899638983880647,-2.0128682683334027,hours_distribution,0.4,0.6,40.0,,,,0.085,0.269,0.646
sensitivity,bilateral,40,1.326,0.622,0.0023272609200202378,3.9597809969237536,3.887183326940042,3.9597809969237536,3.8871828668188764,-1.8333758872046357,1.7489705003561395,1.6989446514780182,40.915805022156576,41.40260321009735,0.48679818794077345,0.36665853623899664,0.287215853387214,-2.7063854508930762,1.0358227353208664,-0.16281317163243092,-1.8333758872046408,hours_distribution,0.4,0.6,40.0,,,,0.11000000000000001,0.269,0.621
sensitivity,bilateral,40,1.326,0.622,0.0025920053017913225,3.9424144431032246,3.87782188650408,3.9424144431032246,3.8778215202704622,-1.6384009730925575,1.5603028287099807,1.5157166622176144,40.91580502215659,41.35008163720567,0.43427661504907844,0.5189810892359915,0.40653518656819343,-2.604733610720605,1.1116478974403716,-0.14531525981232374,-1.6384009730925573,hours_distribution,0.4,0.6,40.0,,,,0.135,0.269,0.596
sensitivity,bilateral,40,1.326,0.622,0.0021098039890823555,3.642821678822731,3.5654539552321536,3.642821678822731,3.5654532641143395,-2.1238405393365523,1.997916021812518,1.9323733028621115,40.91580502215657,41.521789871056356,0.6059848488997821,0.08663460383760284,0.06786377300612222,-2.9013318722755796,1.0055913530975944,-0.2281000201585638,-2.123840539336549,informal_efficiency,0.25,0.6,40.0,,,,0.085,0.269,0.646
sensitivity,bilateral,40,1.326,0.622,0.0021098039890823555,3.8324986587652212,3.7536337323615925,3.8324986587652212,3.7536331235483065,-2.057793972693467,1.9543001786300307,1.894808595505726,40.91580502215663,41.47925854759432,0.5634535254376849,0.17427362597108328,0.13651434034401524,-2.8461527670440647,0.9865795251651853,-0.1982207308145891,-2.0577939726934686,informal_efficiency,0.33,0.6,40.0,,,,0.085,0.269,0.646
sensitivity,bilateral,40,1.326,0.622,0.0021098039890823555,3.975613678726516,3.8955898125159076,3.975613678726516,3.895589256118815,-2.012868268333401,1.9231982861923624,1.8681310076982038,40.91580502215657,41.45115195205465,0.5353469298980784,0.23382205278636783,0.18316060801598813,-2.8069369956645045,0.9730651171699081,-0.17899638983880647,-2.0128682683334027,informal_efficiency,0.4,0.6,40.0,,,,0.085,0.269,0.646
sensitivity,bilateral,40,1.326,0.622,0.0021098039890823555,4.154833391117819,4.073332987507727,4.154833391117819,4.073332487424944,-1.9615805481953408,1.8862331986081005,1.8365434080230614,40.915805022156576,41.419858616221305,0.5040535940647295,0.30174090038801477,0.2363637053039449,-2.7604725546741102,0.9570497885805378,-0.1581577821017721,-1.9615805481953446,informal_efficiency,0.5,0.6,40.0,,,,0.085,0.269,0.646
sensitivity,bilateral,40,1.326,0.622,0.0021098039890823555,4.312737518500543,4.22991939573413,4.312737518500543,4.22991893825496,-1.920314473374396,1.8553383419667169,1.810239824379889,40.91580502215641,41.39528399766044,0.4794789755040274,0.3563409263867564,0.2791337256696259,-2.721755074977375,0.9437022705615278,-0.1422616689585449,-1.9203144733743922,informal_efficiency,0.6,0.6,40.0,,,,0.085,0.269,0.646
sensitivity,bilateral,36,1.326,0.622,0.003164705983623533,3.940202143776227,3.6140558248823256,3.940202143776227,3.614045641494349,-8.277400676233537,8.402167923274506,8.164003879560289,40.9158050221566,43.20243710340302,2.2866320812464256,-4.332758039216924,-3.3939937973865906,-6.967857788842267,-0.5799433157200569,-0.7295995716712088,-8.277400676233531,efficiency,0.4,0.4,40.0,,,,0.085,0.269,0.646
sensitivity,bilateral,36,1.326,0.622,0.002637254986352944,3.95785552035667,3.634346986351069,3.95785552035667,3.634337073750757,-8.173833843647916,8.289078693074025,8.05425425009414,40.91580502215659,43.17173261420276,2.2559275920461697,-4.196533622094427,-3.2872846706406356,-6.971905601591314,-0.4819927256808057,-0.7199355163757998,-8.17383384364792,efficiency,0.4,0.5,40.0,,,,0.085,0.269,0.646
sensitivity,bilateral,36,1.326,0.622,0.0021098039890823555,3.975613678726516,3.6547483737189417,3.975613678726516,3.654738726351117,-8.070837132001095,8.176826526673375,7.945313482436678,40.91580502215657,43.141251462097266,2.2254464399406926,-4.061066876582697,-3.1811690533231127,-6.975938144793426,-0.3845606356649156,-0.7103383515427507,-8.070837132001092,efficiency,0.4,0.6,40.0,,,,0.085,0.269,0.646
sensitivity,bilateral,36,1.326,0.622,0.0010549019945411775,4.011446692616902,3.6958842720033975,4.011446692616902,3.6958751387892996,-7.866549023181568,7.954811383306781,7.729837467419776,40.915805022156576,43.080953854549975,2.165148832393399,-3.792399197991705,-2.970712705093502,-6.983957179509868,-0.1912485472763397,-0.691343296395365,-7.866549023181572,efficiency,0.4,0.8,40.0,,,,0.085,0.269,0.646
sensitivity,bilateral,36,1.326,0.622,0.0,4.047705919261818,3.7374684452650326,4.047705919261818,3.7374598050351864,-7.664526034869745,7.736078768548205,7.517533965036072,40.91580502215659,43.021533680194125,2.105728658037531,-3.5267403264437296,-2.762613255714255,-6.99191442344717,0.0,-0.6726116114225719,-7.664526034869742,efficiency,0.4,1.0,40.0,,,,0.085,0.269,0.646
sensitivity,bilateral,36,1.326,0.622,0.0011155514023328946,3.9647274653798608,3.704204362077882,3.9647274653798608,3.704198081160679,-6.571021730418436,6.558533429903735,6.3720366118920735,40.91580502215659,42.712400258492195,1.7965952363356075,-2.09047489741088,-1.637538669638523,-6.95746887852152,0.9671383228125693,-0.5806911747094821,-6.571021730418432,peak,0.4,0.6,38.0,,,,0.085,0.269,0.646
sensitivity,bilateral,36,1.326,0.622,0.0014594328457154147,3.972238256987385,3.69050903005422,3.972238256987385,3.690501666787117,-7.092455404395437,7.115676931490089,6.913631914528384,40.915805022156576,42.860697018105164,1.9448919959485889,-2.775463118453758,-2.17411277612211,-6.96391495439317,0.49735705085523435,-0.6258975008575053,-7.092455404395441,peak,0.4,0.6,39.0,,,,0.085,0.269,0.646
sensitivity,bilateral,36,1.326,0.622,0.0021098039890823555,3.975613678726516,3.6547483737189417,3.975613678726516,3.654738726351117,-8.070837132001095,8.176826526673375,7.945313482436678,40.91580502215657,43.141251462097266,2.2254464399406926,-4.061066876582697,-3.1811690533231127,-6.975938144793426,-0.3845606356649156,-0.7103383515427507,-8.070837132001092,peak,0.4,0.6,40.0,,,,0.085,0.269,0.646
sensitivity,bilateral,36,1.326,0.622,0.003805787903135696,3.965066704704462,3.545773554786278,3.965066704704462,3.5457564889638986,-10.574680860241326,10.990062890159535,10.681386042924835,40.915805022156576,43.87311460403629,2.9573095818797137,-7.353198874899096,-5.760005785337625,-7.006279386735252,-2.644291883471227,-0.9241095900348477,-10.574680860241326,peak,0.4,0.6,41.0,,,,0.085,0.269,0.646
sensitivity,bilateral,36,1.326,0.622,0.019403279309429547,3.789313117531507,2.6307079367250465,3.789313117531507,2.630527317255758,-30.57559892440921,40.08362403840855,39.084230845126754,40.91580502215659,50.4658012246686,9.549996202512013,-33.76488573610075,-26.449160493278928,-7.226273583991329,-20.874849460394543,-2.4744758800233373,-30.57559892440921,peak,0.4,0.6,42.0,,,,0.085,0.269,0.646
sensitivity,bilateral,36,1.326,0.622,0.0017738243411555166,4.004037812246647,3.6660502711385674,4.004037812246647,3.6660396489076152,-8.441167565259244,8.581362983071571,8.337866581169484,40.91580502215659,43.2513385641764,2.3355335420198076,-4.1983763268392185,-3.2887281226907215,-7.374777630511037,-0.3213925492132851,-0.7449973855349201,-8.441167565259242,hours_distribution,0.4,0.6,40.0,,,,0.035,0.269,0.6960000000000001
sensitivity,bilateral,36,1.326,0.622,0.0019280242332594649,3.9902800816772617,3.660931210511765,3.9902800816772617,3.660921088175545,-8.25377829185011,8.376319405984756,8.138902643629486,40.91580502215659,43.19554528693321,2.279740264776625,-4.1258836084466886,-3.2319421599499063,-7.175989100836407,-0.35035197037932114,-0.72743722063438,-8.253778291850109,hours_distribution,0.4,0.6,40.0,,,,0.060000000000000005,0.269,0.671
sensitivity,bilateral,36,1.326,0.622,0.0021098039890823555,3.975613678726516,3.6547483737189417,3.975613678726516,3.654738726351117,-8.070837132001095,8.176826526673375,7.945313482436678,40.91580502215657,43.141251462097266,2.2254464399406926,-4.061066876582697,-3.1811690533231127,-6.975938144793426,-0.3845606356649156,-0.7103383515427507,-8.070837132001092,hours_distribution,0.4,0.6,40.0,,,,0.085,0.269,0.646
sensitivity,bilateral,36,1.326,0.622,0.0023272609200202378,3.9597809969237536,3.647193618639811,3.9597809969237536,3.647184418094404,-7.89405723515475,7.984691102189401,7.758853587585612,40.915805022156576,43.08894915268463,2.173144130528054,-4.006207213005432,-3.1381956501875883,-6.774622061355022,-0.42557850618281784,-0.6938566676169128,-7.894057235154753,hours_distribution,0.4,0.6,40.0,,,,0.11000000000000001,0.269,0.621
sensitivity,bilateral,36,1.326,0.622,0.0025920053017913225,3.9424144431032246,3.6378269961794656,3.9424144431032246,3.6378182096540517,-7.725911400730534,7.802520027886994,7.582054443765518,40.91580502215659,43.03934797165997,2.123542949503382,-3.9645869359666177,-3.105593099840517,-6.572043143341047,-0.4756512727650851,-0.6782169846243971,-7.72591140073053,hours_distribution,0.4,0.6,40.0,,,,0.135,0.269,0.596
sensitivity,bilateral,36,1.326,0.622,0.0021098039890823555,3.642821678822731,3.3328226839377555,3.642821678822731,3.3328107137790313,-8.509859175570721,8.509106688914692,8.230057257343958,40.91580502215657,43.43449464495318,2.5186896227966105,-4.6598596470575036,-3.650223390195044,-7.207241050218132,-0.396984121514849,-0.9056340038377387,-8.50985917557072,informal_efficiency,0.25,0.6,40.0,,,,0.085,0.269,0.646
sensitivity,bilateral,36,1.326,0.622,0.0021098039890823555,3.8324986587652212,3.516369391812283,3.8324986587652212,3.516358839449328,-8.248646512371927,8.314987427055542,8.06346188928979,40.91580502215663,43.25794779338903,2.342142771232397,-4.303307258977381,-3.370924019532282,-7.072057840323437,-0.3897259562670743,-0.7868627157814102,-8.248646512371922,informal_efficiency,0.33,0.6,40.0,,,,0.085,0.269,0.646
sensitivity,bilateral,36,1.326,0.622,0.0021098039890823555,3.975613678726516,3.6547483737189417,3.975613678726516,3.654738726351117,-8.070837132001095,8.176826526673375,7.945313482436678,40.91580502215657,43.141251462097266,2.2254464399406926,-4.061066876582697,-3.1811690533231127,-6.975938144793426,-0.3845606356649156,-0.7103383515427507,-8.070837132001092,informal_efficiency,0.4,0.6,40.0,,,,0.085,0.269,0.646
sensitivity,bilateral,36,1.326,0.622,0.0021098039890823555,4.154833391117819,3.8279425753650895,4.154833391117819,3.8279339020009195,-7.867723804558679,8.012897701947086,7.805595517739672,40.915805022156576,43.01126648040237,2.0954614582457953,-3.7847986896251453,-2.9647589735396975,-6.862003249820071,-0.3784330932594038,-0.6272874614792103,-7.867723804558685,informal_efficiency,0.5,0.6,40.0,,,,0.085,0.269,0.646
sensitivity,bilateral,36,1.326,0.622,0.0021098039890823555,4.312737518500543,3.980475216794121,4.312737518500543,3.980467281408095,-7.7042087602387515,7.876115400926742,7.689394943446137,40.91580502215641,42.90913329409763,1.9933282719412138,-3.5627273076957664,-2.790803057695017,-6.767024557736347,-0.3733210143455398,-0.5638631881568628,-7.70420876023875,informal_efficiency,0.6,0.6,40.0,,,,0.085,0.269,0.646
sensitivity,flat_below,40,1.326,0.622,0.003164705983623533,3.946872922174717,3.889292339036585,3.946872922174717,3.8892920482152067,-1.458891235505133,1.3863253529137864,1.3464894711853859,40.91580502215659,41.303003329028506,0.387198306871922,0.9525978458059544,0.746201645881331,-2.7855003298215246,1.456900317910679,-0.1302912235942853,-1.458891235505131,efficiency,0.4,0.4,40.0,,,,0.085,0.269,0.646
sensitivity,flat_below,40,1.326,0.622,0.002637254986352944,3.963427997266744,3.8947107332405384,3.963427997266744,3.8947103213558423,-1.7337835851589656,1.651935164760543,1.604530513018454,40.915805022156576,41.3765242838188,0.46071926166222354,0.5959299130252149,0.466811765203085,-2.7929793103533203,1.2137874131840636,-0.15459168798971276,-1.7337835851589696,efficiency,0.4,0.5,40.0,,,,0.085,0.269,0.646
sensitivity,flat_below,40,1.326,0.622,0.0021098039890823555,3.980082478232873,3.900144801822801,3.980082478232873,3.900144247565663,-2.0084427106034197,1.9187364957172548,1.8637498414396214,40.91580502215659,41.45016337236098,0.5343583502043947,0.23954895758316216,0.18764668344014374,-2.8004365339494455,0.9707867867717517,-0.1787929634257266,-2.00844271060342,efficiency,0.4,0.6,40.0,,,,0.085,0.269,0.646
sensitivity,flat_below,40,1.326,0.622,0.0010549019945411775,4.013691943681884,3.911060158585695,4.013691943681884,3.9110592551768115,-2.55704190895234,2.455924386403785,2.3857351228838253,40.91580502215659,41.59779253000712,0.6819875078505344,-0.47232701259725723,-0.36998949320118485,-2.815285052527029,0.48514099484120604,-0.22689785126651688,-2.55704190895234,efficiency,0.4,0.8,40.0,,,,0.085,0.269,0.646
sensitivity,flat_below,40,1.326,0.622,0.0,4.047705919261818,3.9220388052375164,4.047705919261818,3.9220374660100337,-3.1046503014532267,2.9979102380812916,2.9124687591929765,40.91580502215659,41.745883832233325,0.8300788100767342,-1.1829803310676714,-0.9266679260030095,-2.830044594506738,0.0,-0.2746057069464844,-3.1046503014532223,efficiency,0.4,1.0,40.0,,,,0.085,0.269,0.646
sensitivity,flat_below,40,1.326,0.622,0.0011155514023328946,3.9653276365207466,3.888213090659206,3.9653276365207466,3.8882125713210027,-1.9447206619527257,1.8566926698529107,1.803462238844511,40.91580502215659,41.43308222865155,0.5172772064949649,0.3222306302810357,0.25241399372014467,-2.7978494938951965,1.026335834945804,-0.17320700300333652,-1.9447206619527289,peak,0.4,0.6,38.0,,,,0.085,0.269,0.646
sensitivity,flat_below,40,1.326,0.622,0.0014594328457154147,3.9739956532240295,3.8958291785106143,3.9739956532240295,3.8958286471321624,-1.9669491749443657,1.8783328410078237,1.8244913654771322,40.91580502215659,41.43903335194261,0.5232283297860241,0.2933889279930456,0.2298213269278857,-2.7990306995370253,1.007230572661338,-0.17514904806868317,-1.9669491749443706,peak,0.4,0.6,39.0,,,,0.085,0.269,0.646
sensitivity,flat_below,40,1.326,0.622,0.0021098039890823555,3.980082478232873,3.900144801822801,3.980082478232873,3.900144247565663,-2.0084427106034197,1.9187364957172548,1.8637498414396214,40.91580502215659,41.45016337236098,0.5343583502043947,0.23954895758316216,0.18764668344014374,-2.8004365339494455,0.9707867867717517,-0.1787929634257266,-2.00844271060342,peak,0.4,0.6,40.0,,,,0.085,0.269,0.646
sensitivity,flat_below,40,1.326,0.622,0.003805787903135696,3.9791024097584673,3.8998254878056913,3.9791024097584673,3.899824942493894,-1.9923317821213926,1.9030471910721714,1.8485058220051531,40.915805022156576,41.445838859940814,0.5300338377842384,0.26045394988121684,0.20402226074028648,-2.799999535468126,0.9850432854121153,-0.1773755320653789,-1.9923317821213895,peak,0.4,0.6,41.0,,,,0.085,0.269,0.646
sensitivity,flat_below,40,1.326,0.622,0.019403279309429547,3.8946111825364556,3.8720758199760605,3.8946111825364556,3.8720757746303547,-0.5786293291983546,0.5452060990796204,0.5294736177398063,40.91580502215659,41.06877942042873,0.15297439827213766,2.094617612828083,1.6407837967153318,-2.7614481325051496,2.2347631726762445,-0.05194436936945488,-0.5786293291983601,peak,0.4,0.6,42.0,,,,0.085,0.269,0.646
sensitivity,flat_below,40,1.326,0.622,0.0017738243411555166,4.005580915797715,3.9119694172757784,4.005580915797715,3.9119686625557843,-2.3370267756354646,2.239088477595441,2.174811227940432,40.91580502215659,41.53942067085106,0.62361564869447,0.011462318162825912,0.008978815894213633,-3.002686402000533,0.8741664646466344,-0.20850683828156294,-2.3370267756354615,hours_distribution,0.4,0.6,40.0,,,,0.035,0.269,0.6960000000000001
sensitivity,flat_below,40,1.326,0.622,0.0019280242332594649,3.9931592594494694,3.906211473234385,3.9931592594494694,3.906210819919761,-2.1774184440385147,2.083262720331147,2.0235128307323436,40.91580502215659,41.49598058167352,0.5801755595169322,0.11974223814592967,0.09379808654764492,-2.9021538235381765,0.9187749194128575,-0.19403953991319473,-2.177418444038514,hours_distribution,0.4,0.6,40.0,,,,0.060000000000000005,0.269,0.671
sensitivity,flat_below,40,1.326,0.622,0.0021098039890823555,3.980082478232873,3.900144801822801,3.980082478232873,3.900144247565663,-2.0084427106034197,1.9187364957172548,1.8637498414396214,40.91580502215659,41.45016337236098,0.5343583502043947,0.23954895758316216,0.18764668344014374,-2.8004365339494455,0.9707867867717517,-0.1787929634257266,-2.00844271060342,hours_distribution,0.4,0.6,40.0,,,,0.085,0.269,0.646
sensitivity,flat_below,40,1.326,0.622,0.0023272609200202378,3.966166711275406,3.8936809911206676,3.966166711275406,3.893680533529545,-1.8276014457150547,1.7431678586187438,1.6932466367408194,40.915805022156576,41.401317488391435,0.48551246623485533,0.37413349307609894,0.2930712362429441,-2.697403985705703,1.0323508059313637,-0.1625482659407118,-1.8276014457150511,hours_distribution,0.4,0.6,40.0,,,,0.11000000000000001,0.269,0.621
sensitivity,flat_below,40,1.326,0.622,0.0025920053017913225,3.9511496138712126,3.88669358609601,3.9511496138712126,3.886693222618269,-1.63132338874028,1.5532160218201474,1.508757397499827,40.915805022156576,41.348511140408455,0.4327061182518799,0.5281460355319673,0.413714394500041,-2.592873222867095,1.1065409731365117,-0.14499113900969862,-1.6313233887402818,hours_distribution,0.4,0.6,40.0,,,,0.135,0.269,0.596
sensitivity,flat_below,40,1.326,0.622,0.0021098039890823555,3.6470554131404764,3.569768373637376,3.6470554131404764,3.5697676852142415,-2.119162742212044,1.9932401992232451,1.927810928694762,40.91580502215656,41.52065985227185,0.6048548301152867,0.09269460379502086,0.07261077297276633,-2.894572862506507,1.0032235721313834,-0.22781345183691884,-2.1191627422120423,informal_efficiency,0.25,0.6,40.0,,,,0.085,0.269,0.646
sensitivity,flat_below,40,1.326,0.622,0.0021098039890823555,3.83686733647746,3.7580862394676813,3.83686733647746,3.758085633009373,-2.0532661179290534,1.949749540443979,1.8903524254479498,40.91580502215662,41.478213471409084,0.5624084492524661,0.18013555035076056,0.1411061811080958,-2.839545207083947,0.9842641324295945,-0.19798504327470154,-2.0532661179290543,informal_efficiency,0.33,0.6,40.0,,,,0.085,0.269,0.646
sensitivity,flat_below,40,1.326,0.622,0.0021098039890823555,3.980082478232873,3.900144801822801,3.980082478232873,3.900144247565663,-2.0084427106034197,1.9187364957172548,1.8637498414396214,40.91580502215659,41.45016337236098,0.5343583502043947,0.23954895758316216,0.18764668344014374,-2.8004365339494455,0.9707867867717517,-0.1787929634257266,-2.00844271060342,informal_efficiency,0.4,0.6,40.0,,,,0.085,0.269,0.646
sensitivity,flat_below,40,1.326,0.622,0.0021098039890823555,4.159425635977874,4.07801436347912,4.159425635977874,4.078013865306559,-1.9572719799235916,1.8818764898645313,1.8322505985202575,40.91580502215657,41.41893316366197,0.503128141505399,0.3073135114400464,0.24072891729470303,-2.754098408857488,0.954815187921894,-0.15798875898799541,-1.957271979923589,informal_efficiency,0.5,0.6,40.0,,,,0.085,0.269,0.646
sensitivity,flat_below,40,1.326,0.622,0.0021098039890823555,4.317436838824187,4.234710425335741,4.317436838824187,4.2347099695939585,-1.9161001440608394,1.8510689964580607,1.8060202172496709,40.91580502215641,41.39440822276646,0.47860320061005046,0.3617893418366264,0.2834016511053573,-2.715485704763082,0.941503956536698,-0.14211839583446115,-1.9161001440608447,informal_efficiency,0.6,0.6,40.0,,,,0.085,0.269,0.646
sensitivity,flat_below,36,1.326,0.622,0.003164705983623533,3.946872922174717,3.7056279065969386,3.946872922174717,3.705622496790564,-6.112307650504567,6.072312180189909,5.899174306357446,40.91580502215659,42.58364814347475,1.6678431213181633,-1.48811361199845,-1.1656889960654524,-6.942937473262701,1.372380058630142,-0.5417502358720065,-6.112307650504565,efficiency,0.4,0.4,40.0,,,,0.085,0.269,0.646
sensitivity,flat_below,36,1.326,0.622,0.002637254986352944,3.963427997266744,3.7108962111651493,3.963427997266744,3.7108903174445427,-6.371549736131088,6.346540074441487,6.16585665200553,40.915805022156576,42.656360828637304,1.7405558064807258,-1.8285295347697947,-1.4323481355696726,-6.951155576781662,1.143396993703285,-0.5637911530527073,-6.371549736131085,efficiency,0.4,0.5,40.0,,,,0.085,0.269,0.646
sensitivity,flat_below,36,1.326,0.622,0.0021098039890823555,3.980082478232873,3.7161798299169737,3.980082478232873,3.716173430625867,-6.630582400218755,6.621991080222589,6.43375276877276,40.91580502215659,42.72918206912693,1.813377046970338,-2.1686955878870635,-1.6988115438448665,-6.95935184380627,0.9145092995899784,-0.5857398560024668,-6.630582400218758,efficiency,0.4,0.6,40.0,,,,0.085,0.269,0.646
sensitivity,flat_below,36,1.326,0.622,0.0010549019945411775,4.013691943681884,3.7267932090494655,4.013691943681884,3.7267857332277354,-7.148000859508851,7.176572964628791,6.9731981381436325,40.91580502215659,42.87514645992863,1.9593414377720386,-2.848253878327494,-2.23113220468987,-6.975678038082131,0.4570376127126387,-0.6293604341393637,-7.148000859508856,efficiency,0.4,0.8,40.0,,,,0.085,0.269,0.646
sensitivity,flat_below,36,1.326,0.622,0.0,4.047705919261818,3.7374684452650326,4.047705919261818,3.7374598050351864,-7.664526034869745,7.736078768548205,7.517533965036072,40.91580502215659,43.021533680194125,2.105728658037531,-3.5267403264437296,-2.762613255714255,-6.99191442344717,0.0,-0.6726116114225719,-7.664526034869742,efficiency,0.4,1.0,40.0,,,,0.085,0.269,0.646
sensitivity,flat_below,36,1.326,0.622,0.0011155514023328946,3.9653276365207466,3.71238433264881,3.9653276365207466,3.712378427382023,-6.378875267262252,6.354688396211405,6.173896460252681,40.91580502215659,42.65795818455684,1.7421531624002506,-1.8380892686205776,-1.4398365937527857,-6.955238180565592,1.140347076362827,-0.5639841630594845,-6.37887526726225,peak,0.4,0.6,38.0,,,,0.085,0.269,0.646
sensitivity,flat_below,36,1.326,0.622,0.0014594328457154147,3.9739956532240295,3.714539887977197,3.9739956532240295,3.714533690742046,-6.528838677423843,6.5137522280991345,6.32851835505881,40.91580502215659,42.70040554879235,1.78460052663576,-2.035060995015608,-1.5941311127622264,-6.957391873437997,1.0055377020799234,-0.5769845060657647,-6.528838677423838,peak,0.4,0.6,39.0,,,,0.085,0.269,0.646
sensitivity,flat_below,36,1.326,0.622,0.0021098039890823555,3.980082478232873,3.7161798299169737,3.980082478232873,3.716173430625867,-6.630582400218755,6.621991080222589,6.43375276877276,40.91580502215659,42.72918206912693,1.813377046970338,-2.1686955878870635,-1.6988115438448665,-6.95935184380627,0.9145092995899784,-0.5857398560024668,-6.630582400218758,peak,0.4,0.6,40.0,,,,0.085,0.269,0.646
sensitivity,flat_below,36,1.326,0.622,0.003805787903135696,3.9791024097584673,3.7158693544841483,3.9791024097584673,3.715862985460779,-6.615387797729422,6.605793326227638,6.417998600575436,40.915805022156576,42.724905815448416,1.8091007932918401,-2.148741084682101,-1.6831805163343123,-6.958871479991919,0.9279380993854498,-0.5844544171229508,-6.6153877977294195,peak,0.4,0.6,41.0,,,,0.085,0.269,0.646
sensitivity,flat_below,36,1.326,0.622,0.019403279309429547,3.8946111825364556,3.688888758811475,3.8946111825364556,3.688884751919075,-5.282232656431674,5.203855599336293,5.05477245365531,40.91580502215659,42.3519447808888,1.4361397587322078,-0.3982935202095723,-0.31199659083083164,-6.916522480020484,2.1049633898466276,-0.4706735662578218,-5.2822326564316775,peak,0.4,0.6,42.0,,,,0.085,0.269,0.646
sensitivity,flat_below,36,1.326,0.622,0.0017738243411555166,4.005580915797715,3.7180384409725082,4.005580915797715,3.718030877165316,-7.178546155219601,7.206498078151458,7.001392804562379,40.91580502215659,42.88738176832985,1.9715767461732647,-2.53978928703398,-1.989501608176618,-7.3687456756800795,0.8254730873032285,-0.6352735668427485,-7.1785461552196,hours_distribution,0.4,0.6,40.0,,,,0.035,0.269,0.6960000000000001
sensitivity,flat_below,36,1.326,0.622,0.0019280242332594649,3.9931592594494694,3.7172586315347145,3.9931592594494694,3.7172516534805755,-6.909331934654494,6.918614250914867,6.721833600954152,40.91580502215659,42.809446048217346,1.8936410260607606,-2.3596043482270304,-1.8483567394445073,-7.165017770860032,0.8665562713248087,-0.6108704351192651,-6.909331934654489,hours_distribution,0.4,0.6,40.0,,,,0.060000000000000005,0.269,0.671
sensitivity,flat_below,36,1.326,0.622,0.0021098039890823555,3.980082478232873,3.7161798299169737,3.980082478232873,3.716173430625867,-6.630582400218755,6.621991080222589,6.43375276877276,40.91580502215659,42.72918206912693,1.813377046970338,-2.1686955878870635,-1.6988115438448665,-6.95935184380627,0.9145092995899784,-0.5857398560024668,-6.630582400218758,hours_distribution,0.4,0.6,40.0,,,,0.085,0.269,0.646
sensitivity,flat_below,36,1.326,0.622,0.0023272609200202378,3.966166711275406,3.714715120045395,3.966166711275406,3.7147092946104294,-6.339914822923598,6.314250766209573,6.134836515156139,40.915805022156576,42.645956389330095,1.7301513671735158,-1.9639546666472127,-1.5384311555403167,-6.751556497038778,0.9713275763675941,-0.559685902252419,-6.339914822923603,hours_distribution,0.4,0.6,40.0,,,,0.11000000000000001,0.269,0.621
sensitivity,flat_below,36,1.326,0.622,0.0025920053017913225,3.9511496138712126,3.7127401829128845,3.9511496138712126,3.7127349293452685,-6.033925673716567,5.992000580442469,5.821783823587867,40.915805022156576,42.558862846309594,1.6430578241530214,-1.7409316234141943,-1.3637297716744523,-6.541364102500846,1.0398656272028188,-0.532427198418537,-6.033925673716564,hours_distribution,0.4,0.6,40.0,,,,0.135,0.269,0.596
sensitivity,flat_below,36,1.326,0.622,0.0021098039890823555,3.6470554131404764,3.3920358214671236,3.6470554131404764,3.3920278788921405,-6.992479213628277,6.88803174528585,6.661922731317538,40.91580502215656,42.96827404984031,2.0524690276837507,-2.661878647159637,-2.0851382736083823,-7.190015344797167,0.9441850046682074,-0.7466488734993221,-6.992479213628282,informal_efficiency,0.25,0.6,40.0,,,,0.085,0.269,0.646
sensitivity,flat_below,36,1.326,0.622,0.0021098039890823555,3.83686733647746,3.576837634211958,3.83686733647746,3.57683063386488,-6.777135602093276,6.732640819520741,6.52844675098927,40.91580502215662,42.824321908623986,1.9085168864673652,-2.368189899643956,-1.855082088054432,-7.0552065198506275,0.9268464901117675,-0.6487755723544177,-6.777135602093279,informal_efficiency,0.33,0.6,40.0,,,,0.085,0.269,0.646
sensitivity,flat_below,36,1.326,0.622,0.0021098039890823555,3.980082478232873,3.7161798299169737,3.980082478232873,3.716173430625867,-6.630582400218755,6.621991080222589,6.43375276877276,40.91580502215659,42.72918206912693,1.813377046970338,-2.1686955878870635,-1.6988115438448665,-6.95935184380627,0.9145092995899784,-0.5857398560024668,-6.630582400218758,informal_efficiency,0.4,0.6,40.0,,,,0.085,0.269,0.646
sensitivity,flat_below,36,1.326,0.622,0.0021098039890823555,4.159425635977874,3.890593470643619,4.159425635977874,3.890587717926242,-6.463204030117309,6.4906481894675405,6.321735059192912,40.91580502215657,42.623225663290725,1.7074206411341553,-1.941213336324212,-1.5206171134539659,-6.845729814803189,0.8998758878771647,-0.5173501031912858,-6.46320403011731,informal_efficiency,0.5,0.6,40.0,,,,0.085,0.269,0.646
sensitivity,flat_below,36,1.326,0.622,0.0021098039890823555,4.317436838824187,4.044208746250978,4.317436838824187,4.0442034832201985,-6.3284792059082,6.381009476729438,6.2285423936618844,40.91580502215641,42.53998790136808,1.624182879211672,-1.7583828057459343,-1.3773998645009817,-6.751010877432444,0.8876692054925778,-0.46513753396833657,-6.328479205908203,informal_efficiency,0.6,0.6,40.0,,,,0.085,0.269,0.646
