case,experiment,input_kind,efficiency_mode,h0,h1,sector,sigma_sub,omega,eta_I,e_q,peak,hours_mixing,kappa,A_req_pct,A_req_frozen_pct,dY_pct,dInf_pp,dGHH_pct,CE_pct,classification
0,CES_grid,reprocessed,bilateral,120.0,40,agriculture,1.1,0.55,0.3,0.6,40.0,0.0,0.0021098039890823555,-0.8795787552556833,-0.8464694540483597,1.1040097553367545,-0.2261196736781046,4.419696475184129,3.4620955722275673,sensitivity_not_identified_set
0,CES_grid,reprocessed,bilateral,120.0,40,industry,1.1,0.55,0.3,0.6,40.0,0.0,0.0021098039890823555,0.6287393298553212,0.6297944822924562,-0.62498743804561,0.031872915858693895,2.9403462153629696,2.303271202034326,sensitivity_not_identified_set
0,CES_grid,reprocessed,bilateral,120.0,40,services,1.1,0.55,0.3,0.6,40.0,0.0,0.0021098039890823555,-0.0653810312944203,-0.06596946118665459,0.06609084569613177,0.00041919161962167273,4.338871776012197,3.3987828912095535,sensitivity_not_identified_set
0,CES_grid,reprocessed,bilateral,120.0,40,AGGREGATE,1.1,0.55,0.3,0.6,40.0,0.0,0.0021098039890823555,0.02701278413870245,0.04461513771656378,-0.027639387150113492,-0.010300206724006555,4.02057233748778,3.1494483310320947,sensitivity_not_identified_set
0,CES_grid,reprocessed,bilateral,120.0,36,agriculture,1.1,0.55,0.3,0.6,40.0,0.0,0.0021098039890823555,4.24647953271915,4.083175999485844,-5.053693500531131,1.0515697299664062,-1.6197803598885248,-1.2688279485793446,sensitivity_not_identified_set
0,CES_grid,reprocessed,bilateral,120.0,36,industry,1.1,0.55,0.3,0.6,40.0,0.0,0.0021098039890823555,5.9236337934262195,5.935424090157704,-5.594010674847249,0.2919351577619578,0.5749526048439969,0.45037954046113093,sensitivity_not_identified_set
0,CES_grid,reprocessed,bilateral,120.0,36,services,1.1,0.55,0.3,0.6,40.0,0.0,0.0021098039890823555,4.805288558794696,4.850845855620989,-4.632953673797424,-0.03528923157287145,2.2541058780921452,1.7657162711721803,sensitivity_not_identified_set
0,CES_grid,reprocessed,bilateral,120.0,36,AGGREGATE,1.1,0.55,0.3,0.6,40.0,0.0,0.0021098039890823555,5.015276245223932,5.052788085123661,-4.88765007753832,0.11404840787955783,1.5998300016899887,1.2532001679904912,sensitivity_not_identified_set
0,CES_grid,reprocessed,flat_below,120.0,40,agriculture,1.1,0.55,0.3,0.6,40.0,0.0,0.0021098039890823555,-0.8702399495106428,-0.8374669009710733,1.091326361890732,-0.22342420896162007,4.403700624424959,3.449565489132885,sensitivity_not_identified_set
0,CES_grid,reprocessed,flat_below,120.0,40,industry,1.1,0.55,0.3,0.6,40.0,0.0,0.0021098039890823555,0.6234313216661569,0.624500071367784,-0.6197515354434135,0.031456682999392305,2.9470128981654757,2.3084934368962893,sensitivity_not_identified_set
0,CES_grid,reprocessed,flat_below,120.0,40,services,1.1,0.55,0.3,0.6,40.0,0.0,0.0021098039890823555,-0.06335483282271515,-0.06392947113759151,0.06405096352002371,0.0004304969117352453,4.33626829427434,3.396743497181566,sensitivity_not_identified_set
0,CES_grid,reprocessed,flat_below,120.0,40,AGGREGATE,1.1,0.55,0.3,0.6,40.0,0.0,0.0021098039890823555,0.026357707026503086,0.043605983635019996,-0.026968681628447566,-0.010173125366236269,4.021439339582488,3.1501274826729495,sensitivity_not_identified_set
0,CES_grid,reprocessed,flat_below,120.0,36,agriculture,1.1,0.55,0.3,0.6,40.0,0.0,0.0021098039890823555,2.9496479713009505,2.836767168904908,-3.5543902139440586,0.7364423765951367,0.29540111435360905,0.2313975395769938,sensitivity_not_identified_set
0,CES_grid,reprocessed,flat_below,120.0,36,industry,1.1,0.55,0.3,0.6,40.0,0.0,0.0021098039890823555,4.576642326158575,4.585558489382846,-4.377684873140375,0.22606378218966716,2.1293958104651076,1.6680267181976678,sensitivity_not_identified_set
0,CES_grid,reprocessed,flat_below,120.0,36,services,1.1,0.55,0.3,0.6,40.0,0.0,0.0021098039890823555,3.49170764322706,3.524610263560146,-3.4094871963987305,-0.026116955625399285,3.8159127874755026,2.989131683522477,sensitivity_not_identified_set
0,CES_grid,reprocessed,flat_below,120.0,36,AGGREGATE,1.1,0.55,0.3,0.6,40.0,0.0,0.0021098039890823555,3.6924768368547856,3.723460022907954,-3.644382996911899,0.08328774412686424,3.1873656231971332,2.496769738171088,sensitivity_not_identified_set
1,CES_grid,reprocessed,bilateral,120.0,40,agriculture,1.1,0.55,0.4,0.6,40.0,0.0,0.0021098039890823555,-0.8694826736201811,-0.8366246575989278,1.0830364024630557,-0.2208157012278722,4.393307106641432,3.441423900202454,sensitivity_not_identified_set
1,CES_grid,reprocessed,bilateral,120.0,40,industry,1.1,0.55,0.4,0.6,40.0,0.0,0.0021098039890823555,0.6212701576012059,0.6229612829748099,-0.6178946644314509,0.027325731073507553,2.949210204488698,2.3102146601828135,sensitivity_not_identified_set
1,CES_grid,reprocessed,bilateral,120.0,40,services,1.1,0.55,0.4,0.6,40.0,0.0,0.0021098039890823555,-0.0646318576895788,-0.06526687588305213,0.06545298227367269,0.0007035045813064134,4.338073154109472,3.3981573040524196,sensitivity_not_identified_set
1,CES_grid,reprocessed,bilateral,120.0,40,AGGREGATE,1.1,0.55,0.4,0.6,40.0,0.0,0.0021098039890823555,0.026769898980916196,0.04389264919817393,-0.027414403091041706,-0.01062502955200273,4.020858474517768,3.149672471705585,sensitivity_not_identified_set
1,CES_grid,reprocessed,bilateral,120.0,36,agriculture,1.1,0.55,0.4,0.6,40.0,0.0,0.0021098039890823555,4.196311555695997,4.034374234040805,-4.959828932805877,1.0274081777305377,-1.4998626644763473,-1.1748924205064717,sensitivity_not_identified_set
1,CES_grid,reprocessed,bilateral,120.0,36,industry,1.1,0.55,0.4,0.6,40.0,0.0,0.0021098039890823555,5.8511873906495815,5.869141666186284,-5.532038586671106,0.2490403612440517,0.6551644273760118,0.5132121347778759,sensitivity_not_identified_set
1,CES_grid,reprocessed,bilateral,120.0,36,services,1.1,0.55,0.4,0.6,40.0,0.0,0.0021098039890823555,4.748726195393882,4.797770288431691,-4.5894409922394575,-0.05579990221288855,2.3097997453225356,1.809343133835986,sensitivity_not_identified_set
1,CES_grid,reprocessed,bilateral,120.0,36,AGGREGATE,1.1,0.55,0.4,0.6,40.0,0.0,0.0021098039890823555,4.955703139492296,4.99668565757605,-4.836673880779674,0.08867744347512696,1.6652483840437715,1.3044445675009544,sensitivity_not_identified_set
1,CES_grid,reprocessed,flat_below,120.0,40,agriculture,1.1,0.55,0.4,0.6,40.0,0.0,0.0021098039890823555,-0.8602337552215511,-0.8277118999906019,1.0705829919468224,-0.21817835056853196,4.377600628846649,3.4291204925965415,sensitivity_not_identified_set
1,CES_grid,reprocessed,flat_below,120.0,40,industry,1.1,0.55,0.4,0.6,40.0,0.0,0.0021098039890823555,0.616022006911976,0.6177209360249458,-0.6127191509014529,0.026954871010631543,2.9558016967240968,2.3153779957672085,sensitivity_not_identified_set
1,CES_grid,reprocessed,flat_below,120.0,40,services,1.1,0.55,0.4,0.6,40.0,0.0,0.0021098039890823555,-0.06262802270144974,-0.06324772286534497,0.0634326052088241,0.0007049054409458133,4.335494026563951,3.3961369874750944,sensitivity_not_identified_set
1,CES_grid,reprocessed,flat_below,120.0,40,AGGREGATE,1.1,0.55,0.4,0.6,40.0,0.0,0.0021098039890823555,0.02611257818940782,0.042889708587590114,-0.026741333092694664,-0.010500185051193212,4.021728198561041,3.150353755539482,sensitivity_not_identified_set
1,CES_grid,reprocessed,flat_below,120.0,36,agriculture,1.1,0.55,0.4,0.6,40.0,0.0,0.0021098039890823555,2.9149905522429576,2.8030407253335055,-3.4879557015870866,0.7194132854729696,0.38027486960999907,0.2978819811944992,sensitivity_not_identified_set
1,CES_grid,reprocessed,flat_below,120.0,36,industry,1.1,0.55,0.4,0.6,40.0,0.0,0.0021098039890823555,4.521047607784845,4.5346896400581205,-4.328902351331099,0.19298599831938934,2.19251839878038,1.7174727457112973,sensitivity_not_identified_set
1,CES_grid,reprocessed,flat_below,120.0,36,services,1.1,0.55,0.4,0.6,40.0,0.0,0.0021098039890823555,3.450850876547018,3.486270319482987,-3.3772223633785514,-0.041034575390203054,3.8572079615404813,3.0214795698733767,sensitivity_not_identified_set
1,CES_grid,reprocessed,flat_below,120.0,36,AGGREGATE,1.1,0.55,0.4,0.6,40.0,0.0,0.0021098039890823555,3.6488784881391956,3.6823331463961217,-3.6061324317362087,0.06449140858930114,3.2364551235068504,2.5352231800803664,sensitivity_not_identified_set
2,CES_grid,reprocessed,bilateral,120.0,40,agriculture,1.1,0.55,0.5,0.6,40.0,0.0,0.0021098039890823555,-0.8616188129191737,-0.8289707126194257,1.0669657921285047,-0.21675244869833188,4.373086464741158,3.425584397380574,sensitivity_not_identified_set
2,CES_grid,reprocessed,bilateral,120.0,40,industry,1.1,0.55,0.5,0.6,40.0,0.0,0.0021098039890823555,0.6154701363608517,0.6176412757632477,-0.6124690207094496,0.023971320331994672,2.95599594211562,2.3155301546572358,sensitivity_not_identified_set
2,CES_grid,reprocessed,bilateral,120.0,40,services,1.1,0.55,0.5,0.6,40.0,0.0,0.0021098039890823555,-0.06404958369015112,-0.06471967961235725,0.0649607452463341,0.0009127840227718398,4.337456302257733,3.3976741034352234,sensitivity_not_identified_set
2,CES_grid,reprocessed,bilateral,120.0,40,AGGREGATE,1.1,0.55,0.5,0.6,40.0,0.0,0.0021098039890823555,0.026590301695450513,0.043332564635645276,-0.027251186891064094,-0.010853569989455192,4.021066804260154,3.1498356633371207,sensitivity_not_identified_set
2,CES_grid,reprocessed,bilateral,120.0,36,agriculture,1.1,0.55,0.5,0.6,40.0,0.0,0.0021098039890823555,4.1572591405079296,3.996454600430255,-4.887845874484443,1.0088796089911534,-1.4078999631364342,-1.1028549711235398,sensitivity_not_identified_set
2,CES_grid,reprocessed,bilateral,120.0,36,industry,1.1,0.55,0.5,0.6,40.0,0.0,0.0021098039890823555,5.7949664878772955,5.817566471059865,-5.484651305985633,0.21747221349338597,0.7164672190263931,0.5612326549040079,sensitivity_not_identified_set
2,CES_grid,reprocessed,bilateral,120.0,36,services,1.1,0.55,0.5,0.6,40.0,0.0,0.0021098039890823555,4.704789681672161,4.756454819291944,-4.5558487088407045,-0.07087069807339974,2.352790605613606,1.8430193077306583,sensitivity_not_identified_set
2,CES_grid,reprocessed,bilateral,120.0,36,AGGREGATE,1.1,0.55,0.5,0.6,40.0,0.0,0.0021098039890823555,4.90944506435631,4.953022498639337,-4.79742832585387,0.06996645370465071,1.7156011162210931,1.343887541039856,sensitivity_not_identified_set
2,CES_grid,reprocessed,flat_below,120.0,40,agriculture,1.1,0.55,0.5,0.6,40.0,0.0,0.0021098039890823555,-0.8524401610011445,-0.8201280102926423,1.054688940229087,-0.21415970629679038,4.357602140038615,3.4134550096969156,sensitivity_not_identified_set
2,CES_grid,reprocessed,flat_below,120.0,40,industry,1.1,0.55,0.5,0.6,40.0,0.0,0.0021098039890823555,0.6102685099531602,0.6124430718431828,-0.607339528171813,0.023633911682902076,2.962530086334828,2.320648567628948,sensitivity_not_identified_set
2,CES_grid,reprocessed,flat_below,120.0,40,services,1.1,0.55,0.5,0.6,40.0,0.0,0.0021098039890823555,-0.06206314186333328,-0.06271676843011553,0.06295539694891605,0.0009068887970087314,4.334895958200332,3.3956685005902596,sensitivity_not_identified_set
2,CES_grid,reprocessed,flat_below,120.0,40,AGGREGATE,1.1,0.55,0.5,0.6,40.0,0.0,0.0021098039890823555,0.025931162737724556,0.04233454494280142,-0.026576118864518605,-0.010730503858158436,4.021938851454779,3.150518766972911,sensitivity_not_identified_set
2,CES_grid,reprocessed,flat_below,120.0,36,agriculture,1.1,0.55,0.5,0.6,40.0,0.0,0.0021098039890823555,2.8880088882444976,2.7768318936429948,-3.4370203450794,0.7063580846792039,0.4453475783552363,0.348855603044935,sensitivity_not_identified_set
2,CES_grid,reprocessed,flat_below,120.0,36,industry,1.1,0.55,0.5,0.6,40.0,0.0,0.0021098039890823555,4.477897688510413,4.495102757037461,-4.291595420651362,0.16862789910274678,2.2407679761060497,1.7552682479497386,sensitivity_not_identified_set
2,CES_grid,reprocessed,flat_below,120.0,36,services,1.1,0.55,0.5,0.6,40.0,0.0,0.0021098039890823555,3.4191100304197697,3.4564220888203323,-3.352315002560191,-0.05200066101335721,3.8890825279833576,3.04644798025363,sensitivity_not_identified_set
2,CES_grid,reprocessed,flat_below,120.0,36,AGGREGATE,1.1,0.55,0.5,0.6,40.0,0.0,0.0021098039890823555,3.615023564690234,3.650321583579541,-3.5766873573925606,0.05062470491977722,3.2742353196757104,2.564817667079307,sensitivity_not_identified_set
3,CES_grid,reprocessed,bilateral,120.0,40,agriculture,1.1,0.622,0.3,0.6,40.0,0.0,0.0021098039890823555,-0.9901116235862872,-0.9556350706496075,1.362146077294235,-0.29151024569868955,4.744483985127356,3.7165124550164297,sensitivity_not_identified_set
3,CES_grid,reprocessed,bilateral,120.0,40,industry,1.1,0.622,0.3,0.6,40.0,0.0,0.0021098039890823555,0.7111606713333662,0.7048490338347646,-0.7141450510956382,0.0885383490747238,2.8289032689439826,2.215974227339453,sensitivity_not_identified_set
3,CES_grid,reprocessed,bilateral,120.0,40,services,1.1,0.622,0.3,0.6,40.0,0.0,0.0021098039890823555,-0.07372362383648579,-0.0736678987323991,0.07378392378942777,-0.004250723923832078,4.348435311214926,3.406274327118359,sensitivity_not_identified_set
3,CES_grid,reprocessed,bilateral,120.0,40,AGGREGATE,1.1,0.622,0.3,0.6,40.0,0.0,0.0021098039890823555,0.030662643711876214,0.05276557310600616,-0.03142585077406945,-0.007009701158211534,4.015710947242923,3.1456402420069565,sensitivity_not_identified_set
3,CES_grid,reprocessed,bilateral,120.0,36,agriculture,1.1,0.622,0.3,0.6,40.0,0.0,0.0021098039890823555,4.797948586051648,4.626447617073692,-6.201439352597893,1.3470913261381834,-3.0860924591191394,-2.4174390929766596,sensitivity_not_identified_set
3,CES_grid,reprocessed,bilateral,120.0,36,industry,1.1,0.622,0.3,0.6,40.0,0.0,0.0021098039890823555,6.726455684154864,6.666238999169627,-6.376393499532595,0.8298870993924012,-0.43761561050331954,-0.342798894894267,sensitivity_not_identified_set
3,CES_grid,reprocessed,bilateral,120.0,36,services,1.1,0.622,0.3,0.6,40.0,0.0,0.0021098039890823555,5.437617790592775,5.434450477827024,-5.157614899770103,0.3071999838408779,1.581888108952709,1.2391456853462888,sensitivity_not_identified_set
3,CES_grid,reprocessed,bilateral,120.0,36,AGGREGATE,1.1,0.622,0.3,0.6,40.0,0.0,0.0021098039890823555,5.680349527631967,5.670439930638116,-5.50845857686697,0.4930059490614369,0.8025751897234707,0.6286838986167187,sensitivity_not_identified_set
3,CES_grid,reprocessed,flat_below,120.0,40,agriculture,1.1,0.622,0.3,0.6,40.0,0.0,0.0021098039890823555,-0.9798124267901609,-0.9456603645693007,1.3466719726635157,-0.2881083454724598,4.724976851668954,3.701231867140681,sensitivity_not_identified_set
3,CES_grid,reprocessed,flat_below,120.0,40,industry,1.1,0.622,0.3,0.6,40.0,0.0,0.0021098039890823555,0.7052058080155854,0.6989656776688058,-0.708150655802664,0.08763529364484435,2.836517836447782,2.221938971884096,sensitivity_not_identified_set
3,CES_grid,reprocessed,flat_below,120.0,40,services,1.1,0.622,0.3,0.6,40.0,0.0,0.0021098039890823555,-0.07144959731544276,-0.07140084705624661,0.07150533592534813,-0.004083695486112315,4.345535682666971,3.4040029514224606,sensitivity_not_identified_set
3,CES_grid,reprocessed,flat_below,120.0,40,AGGREGATE,1.1,0.622,0.3,0.6,40.0,0.0,0.0021098039890823555,0.030030081873566594,0.05169619057181496,-0.03076906140289104,-0.006816758192440542,4.016565756842781,3.1463098428601786,sensitivity_not_identified_set
3,CES_grid,reprocessed,flat_below,120.0,36,agriculture,1.1,0.622,0.3,0.6,40.0,0.0,0.0021098039890823555,3.330316044400905,3.211931507531296,-4.368225847005547,0.9451879144821707,-0.7443177011261504,-0.5830488658821511,sensitivity_not_identified_set
3,CES_grid,reprocessed,flat_below,120.0,36,industry,1.1,0.622,0.3,0.6,40.0,0.0,0.0021098039890823555,5.192175929809584,5.145931405722193,-4.992863134436876,0.6408412616935366,1.3334376781100035,1.0445261811861695,sensitivity_not_identified_set
3,CES_grid,reprocessed,flat_below,120.0,36,services,1.1,0.622,0.3,0.6,40.0,0.0,0.0021098039890823555,3.9480533031105214,3.9458655102285523,-3.7983546720849803,0.2222660284553979,3.317719062509677,2.5988799322992473,sensitivity_not_identified_set
3,CES_grid,reprocessed,flat_below,120.0,36,AGGREGATE,1.1,0.622,0.3,0.6,40.0,0.0,0.0021098039890823555,4.179133350040853,4.175903453360541,-4.1103077297176664,0.36274183154765827,2.5890048097083693,2.0280537676048893,sensitivity_not_identified_set
4,CES_grid,reprocessed,bilateral,120.0,40,agriculture,1.1,0.622,0.4,0.6,40.0,0.0,0.0021098039890823555,-0.9807597541789836,-0.9462974670625401,1.3380505402499132,-0.28540173508564415,4.71416733028228,3.69276440872112,sensitivity_not_identified_set
4,CES_grid,reprocessed,bilateral,120.0,40,industry,1.1,0.622,0.4,0.6,40.0,0.0,0.0021098039890823555,0.7041848168529041,0.6984801170038191,-0.7056546677813635,0.08301643985699769,2.8395106023444656,2.2242833051698314,sensitivity_not_identified_set
4,CES_grid,reprocessed,bilateral,120.0,40,services,1.1,0.622,0.4,0.6,40.0,0.0,0.0021098039890823555,-0.07300662675225889,-0.07301595377363634,0.07306013629080343,-0.003763972107190261,4.347538158125458,3.405571557198276,sensitivity_not_identified_set
4,CES_grid,reprocessed,bilateral,120.0,40,AGGREGATE,1.1,0.622,0.4,0.6,40.0,0.0,0.0021098039890823555,0.030285500526927578,0.05205953990019552,-0.031005185319532558,-0.007327531105422169,4.016250548365993,3.1460629295533606,sensitivity_not_identified_set
4,CES_grid,reprocessed,bilateral,120.0,36,agriculture,1.1,0.622,0.4,0.6,40.0,0.0,0.0021098039890823555,4.751132250073886,4.57982531565706,-6.094908028385271,1.3196730793560651,-2.9499920936852826,-2.3108271400534717,sensitivity_not_identified_set
4,CES_grid,reprocessed,bilateral,120.0,36,industry,1.1,0.622,0.4,0.6,40.0,0.0,0.0021098039890823555,6.658268738133821,6.604025660792123,-6.3016047350956335,0.7772345017883986,-0.34079099037023586,-0.26695294245668477,sensitivity_not_identified_set
4,CES_grid,reprocessed,bilateral,120.0,36,services,1.1,0.622,0.4,0.6,40.0,0.0,0.0021098039890823555,5.383093706634812,5.38488247110096,-5.108131516452497,0.2711332016213819,1.6453155127596573,1.288830484995065,sensitivity_not_identified_set
4,CES_grid,reprocessed,bilateral,120.0,36,AGGREGATE,1.1,0.622,0.4,0.6,40.0,0.0,0.0021098039890823555,5.623197612947517,5.61792840179709,-5.449991920312969,0.45419791358956574,0.8776899487723757,0.6875237932050275,sensitivity_not_identified_set
4,CES_grid,reprocessed,flat_below,120.0,40,agriculture,1.1,0.622,0.4,0.6,40.0,0.0,0.0021098039890823555,-0.9705401332479879,-0.9364042245180948,1.3228337320827066,-0.2820649879512138,4.694983925248183,3.6777374081110765,sensitivity_not_identified_set
4,CES_grid,reprocessed,flat_below,120.0,40,industry,1.1,0.622,0.4,0.6,40.0,0.0,0.0021098039890823555,0.6982840923002831,0.6926463894783907,-0.6997324828851292,0.08216202276898343,2.8470350246659346,2.230177435988315,sensitivity_not_identified_set
4,CES_grid,reprocessed,flat_below,120.0,40,services,1.1,0.622,0.4,0.6,40.0,0.0,0.0021098039890823555,-0.07075368228658396,-0.07076804166660233,0.07080418965654811,-0.003606903646802273,4.344666884241401,3.4033223926557636,sensitivity_not_identified_set
4,CES_grid,reprocessed,flat_below,120.0,40,AGGREGATE,1.1,0.622,0.4,0.6,40.0,0.0,0.0021098039890823555,0.02965106022305708,0.05099469218237118,-0.03034808207534878,-0.007136729461976188,4.017105451949879,3.146732604027405,sensitivity_not_identified_set
4,CES_grid,reprocessed,flat_below,120.0,36,agriculture,1.1,0.622,0.4,0.6,40.0,0.0,0.0021098039890823555,3.298021070094026,3.179756291276603,-4.292566813575349,0.9257835925340685,-0.6476590059326023,-0.5073328879805384,sensitivity_not_identified_set
4,CES_grid,reprocessed,flat_below,120.0,36,industry,1.1,0.622,0.4,0.6,40.0,0.0,0.0021098039890823555,5.139937180224341,5.098262856694946,-4.934115108293025,0.6002969002925573,1.4094740893131372,1.1040880366286243,sensitivity_not_identified_set
4,CES_grid,reprocessed,flat_below,120.0,36,services,1.1,0.622,0.4,0.6,40.0,0.0,0.0021098039890823555,3.908725823385839,3.9101092959355155,-3.7617143037609213,0.19582599128041833,3.3646823403409742,2.6356678332670964,sensitivity_not_identified_set
4,CES_grid,reprocessed,flat_below,120.0,36,AGGREGATE,1.1,0.622,0.4,0.6,40.0,0.0,0.0021098039890823555,4.137317237907889,4.137461758363581,-4.066442312859264,0.3339465201739944,2.6453626441603184,2.0722007379255825,sensitivity_not_identified_set
5,CES_grid,reprocessed,bilateral,120.0,40,agriculture,1.1,0.622,0.5,0.6,40.0,0.0,0.0021098039890823555,-0.973451342530629,-0.9390135346458828,1.3195385983316932,-0.28070940947094725,4.690875819204973,3.6745193917105623,sensitivity_not_identified_set
5,CES_grid,reprocessed,bilateral,120.0,40,industry,1.1,0.622,0.5,0.6,40.0,0.0,0.0021098039890823555,0.6987317446455865,0.693505381697701,-0.6991597183915843,0.07881770721100412,2.8476260331274594,2.2306403926165097,sensitivity_not_identified_set
5,CES_grid,reprocessed,bilateral,120.0,40,services,1.1,0.622,0.5,0.6,40.0,0.0,0.0021098039890823555,-0.07244737215696961,-0.07250655188918431,0.07250654783579336,-0.0033547676059009213,4.346854005776074,3.405035637857925,sensitivity_not_identified_set
5,CES_grid,reprocessed,bilateral,120.0,40,AGGREGATE,1.1,0.622,0.5,0.6,40.0,0.0,0.0021098039890823555,0.02999971069415075,0.051509825155982014,-0.030690724856852203,-0.007537475446728337,4.016655746737453,3.146380334944338,sensitivity_not_identified_set
5,CES_grid,reprocessed,bilateral,120.0,36,agriculture,1.1,0.622,0.5,0.6,40.0,0.0,0.0021098039890823555,4.714566017944377,4.543476833299076,-6.01297671040485,1.2985846942312085,-2.8453197934918943,-2.2288338382353174,sensitivity_not_identified_set
5,CES_grid,reprocessed,bilateral,120.0,36,industry,1.1,0.622,0.5,0.6,40.0,0.0,0.0021098039890823555,6.604997370977883,6.555456725347764,-6.244436042180368,0.7372312122123303,-0.2667844222792591,-0.2089811307854196,sensitivity_not_identified_set
5,CES_grid,reprocessed,bilateral,120.0,36,services,1.1,0.622,0.5,0.6,40.0,0.0,0.0021098039890823555,5.340588415479686,5.346170894324276,-5.070316716449796,0.240778037023065,1.693806017408586,1.3268147136367259,sensitivity_not_identified_set
5,CES_grid,reprocessed,bilateral,120.0,36,AGGREGATE,1.1,0.622,0.5,0.6,40.0,0.0,0.0021098039890823555,5.578623234043123,5.576924385118898,-5.405251554293489,0.42256900248044404,0.9351825053895011,0.7325596292217759,sensitivity_not_identified_set
5,CES_grid,reprocessed,flat_below,120.0,40,agriculture,1.1,0.622,0.5,0.6,40.0,0.0,0.0021098039890823555,-0.9632941246625504,-0.929184058533794,1.3045199079565695,-0.27742282441993726,4.671941685005181,3.6596876532540588,sensitivity_not_identified_set
5,CES_grid,reprocessed,flat_below,120.0,40,industry,1.1,0.622,0.5,0.6,40.0,0.0,0.0021098039890823555,0.6928734062411346,0.687710463745117,-0.6932927686147838,0.07800030852366246,2.855081493911475,2.2364805035639885,sensitivity_not_identified_set
5,CES_grid,reprocessed,flat_below,120.0,40,services,1.1,0.622,0.5,0.6,40.0,0.0,0.0021098039890823555,-0.07021100960281634,-0.07027360611407962,0.07026800691161128,-0.003211984048889782,4.344004164518908,3.4028032622064783,sensitivity_not_identified_set
5,CES_grid,reprocessed,flat_below,120.0,40,AGGREGATE,1.1,0.622,0.5,0.6,40.0,0.0,0.0021098039890823555,0.029363727265452333,0.050448594402485725,-0.030033176786270488,-0.007353170711038581,4.017510715894906,3.1470500607843426,sensitivity_not_identified_set
5,CES_grid,reprocessed,flat_below,120.0,36,agriculture,1.1,0.622,0.5,0.6,40.0,0.0,0.0021098039890823555,3.272794096333276,3.1546686282394765,-4.234396030821086,0.9108642789861121,-0.57334255860506,-0.4491183375739636,sensitivity_not_identified_set
5,CES_grid,reprocessed,flat_below,120.0,36,industry,1.1,0.622,0.5,0.6,40.0,0.0,0.0021098039890823555,5.099120032055593,5.061044247110047,-4.889199276686773,0.5694871565579962,1.4676028671034187,1.149622245897678,sensitivity_not_identified_set
5,CES_grid,reprocessed,flat_below,120.0,36,services,1.1,0.622,0.5,0.6,40.0,0.0,0.0021098039890823555,3.8780707207899168,3.882181506033744,-3.733712323548377,0.17391608398080738,3.4005855608335316,2.663792022652933,sensitivity_not_identified_set
5,CES_grid,reprocessed,flat_below,120.0,36,AGGREGATE,1.1,0.622,0.5,0.6,40.0,0.0,0.0021098039890823555,4.10470713912785,4.107441145704005,-4.032874822369337,0.3107436764877014,2.6884972491061667,2.1059895117998306,sensitivity_not_identified_set
6,CES_grid,reprocessed,bilateral,120.0,40,agriculture,1.1,0.7,0.3,0.6,40.0,0.0,0.0021098039890823555,-1.1064822288653464,-1.0734750053328135,1.7064155137230363,-0.37890498599281175,5.177629872707379,4.0558100669541135,sensitivity_not_identified_set
6,CES_grid,reprocessed,bilateral,120.0,40,industry,1.1,0.7,0.3,0.6,40.0,0.0,0.0021098039890823555,0.7974971728304414,0.7844197110277396,-0.8411100427288987,0.17464088998608296,2.670429150814411,2.091836168137956,sensitivity_not_identified_set
6,CES_grid,reprocessed,bilateral,120.0,40,services,1.1,0.7,0.3,0.6,40.0,0.0,0.0021098039890823555,-0.08263024614216796,-0.08179245496831022,0.08453098976761719,-0.011829909868321664,4.3617371830258955,3.416694126703618,sensitivity_not_identified_set
6,CES_grid,reprocessed,bilateral,120.0,40,AGGREGATE,1.1,0.7,0.3,0.6,40.0,0.0,0.0021098039890823555,0.03676766893261352,0.06178458005798859,-0.03898397170137846,-0.0014511375260706227,4.006063220755123,3.1380828562581793,sensitivity_not_identified_set
6,CES_grid,reprocessed,bilateral,120.0,36,agriculture,1.1,0.7,0.3,0.6,40.0,0.0,0.0021098039890823555,5.382959169585977,5.21729248219116,-7.709186779121158,1.7349455909194234,-5.012327095392765,-3.9263228913909995,sensitivity_not_identified_set
6,CES_grid,reprocessed,bilateral,120.0,36,industry,1.1,0.7,0.3,0.6,40.0,0.0,0.0021098039890823555,7.574056483692204,7.4466249605437795,-7.502664094870248,1.6560495339616677,-1.8965915973556138,-1.4856634179285642,sensitivity_not_identified_set
6,CES_grid,reprocessed,bilateral,120.0,36,services,1.1,0.7,0.3,0.6,40.0,0.0,0.0021098039890823555,6.117643220667746,6.054433961117267,-5.897859094867275,0.8740511505999526,0.6328484777185314,0.4957313075461829,sensitivity_not_identified_set
6,CES_grid,reprocessed,bilateral,120.0,36,AGGREGATE,1.1,0.7,0.3,0.6,40.0,0.0,0.0021098039890823555,6.394300898193528,6.327967946771684,-6.376475424635208,1.0993988587513714,-0.3130063704890836,-0.24518832354978215,sensitivity_not_identified_set
6,CES_grid,reprocessed,flat_below,120.0,40,agriculture,1.1,0.7,0.3,0.6,40.0,0.0,0.0021098039890823555,-1.0952185304379358,-1.0624994280610145,1.6873353290175697,-0.3745884929212906,5.153585706503282,4.036975470094237,sensitivity_not_identified_set
6,CES_grid,reprocessed,flat_below,120.0,40,industry,1.1,0.7,0.3,0.6,40.0,0.0,0.0021098039890823555,0.7908800200383093,0.7779217489210621,-0.8340360996840657,0.1729845224802795,2.6793902980656625,2.098855733484769,sensitivity_not_identified_set
6,CES_grid,reprocessed,flat_below,120.0,40,services,1.1,0.7,0.3,0.6,40.0,0.0,0.0021098039890823555,-0.08009679440571515,-0.07928827082691603,0.08191629420779556,-0.01142124271182876,4.358421801009745,3.414097077457633,sensitivity_not_identified_set
6,CES_grid,reprocessed,flat_below,120.0,40,AGGREGATE,1.1,0.7,0.3,0.6,40.0,0.0,0.0021098039890823555,0.036149313661870686,0.06066768921531018,-0.038305432445473464,-0.001169321744604046,4.006953520601657,3.138780257804632,sensitivity_not_identified_set
6,CES_grid,reprocessed,flat_below,120.0,36,agriculture,1.1,0.7,0.3,0.6,40.0,0.0,0.0021098039890823555,3.733537426888933,3.619356294221654,-5.441868828002572,1.2205377785158622,-2.1159547188050962,-1.657497863063992,sensitivity_not_identified_set
6,CES_grid,reprocessed,flat_below,120.0,36,industry,1.1,0.7,0.3,0.6,40.0,0.0,0.0021098039890823555,5.840886121618216,5.743317148080829,-5.8759990199701235,1.2761217531481184,0.18974703911799995,0.14863518064243328,sensitivity_not_identified_set
6,CES_grid,reprocessed,flat_below,120.0,36,services,1.1,0.7,0.3,0.6,40.0,0.0,0.0021098039890823555,4.438164846670478,4.392739364992337,-4.345350327924891,0.6318592418645463,2.6165060828741824,2.0495964315847766,sensitivity_not_identified_set
6,CES_grid,reprocessed,flat_below,120.0,36,AGGREGATE,1.1,0.7,0.3,0.6,40.0,0.0,0.0021098039890823555,4.701462621704766,4.656871929105444,-4.760867425078851,0.8083814843424852,1.7529002358134798,1.3731051847205593,sensitivity_not_identified_set
7,CES_grid,reprocessed,bilateral,120.0,40,agriculture,1.1,0.7,0.4,0.6,40.0,0.0,0.0021098039890823555,-1.0983604624650312,-1.065148957582085,1.6793508077509678,-0.3720300760943762,5.143578539609804,4.029136522694346,sensitivity_not_identified_set
7,CES_grid,reprocessed,bilateral,120.0,40,industry,1.1,0.7,0.4,0.6,40.0,0.0,0.0021098039890823555,0.7915166315409117,0.7788460962393495,-0.8306808395223797,0.16737658271488431,2.6834385819546056,2.1020268891977745,sensitivity_not_identified_set
7,CES_grid,reprocessed,bilateral,120.0,40,services,1.1,0.7,0.4,0.6,40.0,0.0,0.0021098039890823555,-0.0820112817198071,-0.08122459990067554,0.08365057236154883,-0.011181284125322266,4.360649000523256,3.41584171707655,sensitivity_not_identified_set
7,CES_grid,reprocessed,bilateral,120.0,40,AGGREGATE,1.1,0.7,0.4,0.6,40.0,0.0,0.0021098039890823555,0.03624041628129682,0.0611417110039314,-0.03828154227979441,-0.0019512503778740253,4.006957643294562,3.138783487247407,sensitivity_not_identified_set
7,CES_grid,reprocessed,bilateral,120.0,36,agriculture,1.1,0.7,0.4,0.6,40.0,0.0,0.0021098039890823555,5.341982754492758,5.17539495112771,-7.591653876436233,1.7047404535355914,-4.8621715249949276,-3.8087010279126936,sensitivity_not_identified_set
7,CES_grid,reprocessed,bilateral,120.0,36,industry,1.1,0.7,0.4,0.6,40.0,0.0,0.0021098039890823555,7.515121640560007,7.391773461355888,-7.409602128586846,1.5860488522073612,-1.7759924816855681,-1.391194110653695,sensitivity_not_identified_set
7,CES_grid,reprocessed,bilateral,120.0,36,services,1.1,0.7,0.4,0.6,40.0,0.0,0.0021098039890823555,6.07022175889802,6.010964343169389,-5.83678816543679,0.8251705330705073,0.7111618625940388,0.5570767923653304,sensitivity_not_identified_set
7,CES_grid,reprocessed,bilateral,120.0,36,AGGREGATE,1.1,0.7,0.4,0.6,40.0,0.0,0.0021098039890823555,6.344417738083963,6.281824506894473,-6.305393532146875,1.0476080248210284,-0.2216250136376685,-0.17360626068284032,sensitivity_not_identified_set
7,CES_grid,reprocessed,flat_below,120.0,40,agriculture,1.1,0.7,0.4,0.6,40.0,0.0,0.0021098039890823555,-1.087162536005637,-1.0542424425643682,1.6605492849605996,-0.3677842894489358,5.119884971152593,4.010576560736199,sensitivity_not_identified_set
7,CES_grid,reprocessed,flat_below,120.0,40,industry,1.1,0.7,0.4,0.6,40.0,0.0,0.0021098039890823555,0.7849448885114629,0.7723908570976601,-0.8236954660856832,0.16578337636686258,2.6922893077266705,2.1089599577192253,sensitivity_not_identified_set
7,CES_grid,reprocessed,flat_below,120.0,40,services,1.1,0.7,0.4,0.6,40.0,0.0,0.0021098039890823555,-0.07949573528358567,-0.07873690643284137,0.08106341707920794,-0.010793183707963339,4.357367642543336,3.41327131999228,sensitivity_not_identified_set
7,CES_grid,reprocessed,flat_below,120.0,40,AGGREGATE,1.1,0.7,0.4,0.6,40.0,0.0,0.0021098039890823555,0.03562189569878971,0.06002759235157473,-0.03760653087498955,-0.0016766539400858704,4.007842810510306,3.1394768682330736,sensitivity_not_identified_set
7,CES_grid,reprocessed,flat_below,120.0,36,agriculture,1.1,0.7,0.4,0.6,40.0,0.0,0.0021098039890823555,3.70531416050075,3.59048552907133,-5.357977614727516,1.199034534264909,-2.008778907867013,-1.5735434778291604,sensitivity_not_identified_set
7,CES_grid,reprocessed,flat_below,120.0,36,industry,1.1,0.7,0.4,0.6,40.0,0.0,0.0021098039890823555,5.795819103746314,5.70136177558731,-5.803133223134704,1.2223428110352264,0.2841466424157701,0.22258153655901985,sensitivity_not_identified_set
7,CES_grid,reprocessed,flat_below,120.0,36,services,1.1,0.7,0.4,0.6,40.0,0.0,0.0021098039890823555,4.404011190611157,4.3614285835057665,-4.300310137318575,0.596603066614626,2.674256368562052,2.094834155373608,sensitivity_not_identified_set
7,CES_grid,reprocessed,flat_below,120.0,36,AGGREGATE,1.1,0.7,0.4,0.6,40.0,0.0,0.0021098039890823555,4.664968119357549,4.623142152568582,-4.707650791513817,0.7703740733163933,1.8213139733423458,1.4266959457848376,sensitivity_not_identified_set
8,CES_grid,reprocessed,bilateral,120.0,40,agriculture,1.1,0.7,0.5,0.6,40.0,0.0,0.0021098039890823555,-1.0919913530481273,-1.0586305414477248,1.6584837742493752,-0.366730020015138,5.117324733490731,4.008571041234406,sensitivity_not_identified_set
8,CES_grid,reprocessed,bilateral,120.0,40,industry,1.1,0.7,0.5,0.6,40.0,0.0,0.0021098039890823555,0.7868203240970706,0.7744774397627996,-0.8226981521305188,0.16183527486468008,2.69339700865667,2.109827656781058,sensitivity_not_identified_set
8,CES_grid,reprocessed,bilateral,120.0,40,services,1.1,0.7,0.5,0.6,40.0,0.0,0.0021098039890823555,-0.08152544000523676,-0.08077937912799316,0.08297665941143784,-0.010687585882751538,4.359815900499891,3.4151891220582478,sensitivity_not_identified_set
8,CES_grid,reprocessed,bilateral,120.0,40,AGGREGATE,1.1,0.7,0.5,0.6,40.0,0.0,0.0021098039890823555,0.03583919025138549,0.06063892086263234,-0.03775292601926328,-0.002329295569630796,4.007630967266512,3.1393109243587682,sensitivity_not_identified_set
8,CES_grid,reprocessed,bilateral,120.0,36,agriculture,1.1,0.7,0.5,0.6,40.0,0.0,0.0021098039890823555,5.309864405263265,5.142609683908939,-7.500916350435293,1.6814182880089845,-4.746248740254729,-3.7178948465328707,sensitivity_not_identified_set
8,CES_grid,reprocessed,bilateral,120.0,36,industry,1.1,0.7,0.5,0.6,40.0,0.0,0.0021098039890823555,7.4688654577032,7.348800190570159,-7.3384345546545156,1.5326811222744097,-1.6837707567402629,-1.318953759446539,sensitivity_not_identified_set
8,CES_grid,reprocessed,bilateral,120.0,36,services,1.1,0.7,0.5,0.6,40.0,0.0,0.0021098039890823555,6.033016516895584,5.9768968484098295,-5.790096220765895,0.7880077861859625,0.7710348575950183,0.6039773051160977,sensitivity_not_identified_set
8,CES_grid,reprocessed,bilateral,120.0,36,AGGREGATE,1.1,0.7,0.5,0.6,40.0,0.0,0.0021098039890823555,6.305293943453472,6.245665657191957,-6.250979441169225,1.0081753089003997,-0.15167407754275333,-0.11881136074182344,sensitivity_not_identified_set
8,CES_grid,reprocessed,flat_below,120.0,40,agriculture,1.1,0.7,0.5,0.6,40.0,0.0,0.0021098039890823555,-1.0808451664781615,-1.0477782705315408,1.6398976596985193,-0.3625388844969435,5.093902180912726,3.9902233750483025,sensitivity_not_identified_set
8,CES_grid,reprocessed,flat_below,120.0,40,industry,1.1,0.7,0.5,0.6,40.0,0.0,0.0021098039890823555,0.7802842882780103,0.7680557218411321,-0.8157805902236248,0.16029029260974936,2.7021631869099725,2.116694496412812,sensitivity_not_identified_set
8,CES_grid,reprocessed,flat_below,120.0,40,services,1.1,0.7,0.5,0.6,40.0,0.0,0.0021098039890823555,-0.0790239609776422,-0.07830462376460234,0.08041058609147278,-0.010315151545797763,4.356560592057799,3.412639130445276,sensitivity_not_identified_set
8,CES_grid,reprocessed,flat_below,120.0,40,AGGREGATE,1.1,0.7,0.5,0.6,40.0,0.0,0.0021098039890823555,0.03522042395625036,0.05952703391367553,-0.03708041732674028,-0.0020602351456955326,4.008512457312021,3.140001424894416,sensitivity_not_identified_set
8,CES_grid,reprocessed,flat_below,120.0,36,agriculture,1.1,0.7,0.5,0.6,40.0,0.0,0.0021098039890823555,3.683189962062805,3.5678916975142805,-5.293235691729048,1.1824384017373846,-1.9260674239809064,-1.5087528154517102,sensitivity_not_identified_set
8,CES_grid,reprocessed,flat_below,120.0,36,industry,1.1,0.7,0.5,0.6,40.0,0.0,0.0021098039890823555,5.760443298357298,5.668488416463657,-5.747398278256465,1.181337927380377,0.35634929366639584,0.27914028003867675,sensitivity_not_identified_set
8,CES_grid,reprocessed,flat_below,120.0,36,services,1.1,0.7,0.5,0.6,40.0,0.0,0.0021098039890823555,4.377212883528214,4.336887817418655,-4.265863615791876,0.5697913712370106,2.7184223116877995,2.129430810822109,sensitivity_not_identified_set
8,CES_grid,reprocessed,flat_below,120.0,36,AGGREGATE,1.1,0.7,0.5,0.6,40.0,0.0,0.0021098039890823555,4.636345486062554,4.5967084212090725,-4.666905240671914,0.7414297807414538,1.8736933181321864,1.4677264325368795,sensitivity_not_identified_set
9,CES_grid,reprocessed,bilateral,120.0,40,agriculture,1.326,0.55,0.3,0.6,40.0,0.0,0.0021098039890823555,-0.9591555370403126,-0.8568770612005006,1.2576344264896733,-0.34767893170601916,4.606985752144432,3.6088055058464725,sensitivity_not_identified_set
9,CES_grid,reprocessed,bilateral,120.0,40,industry,1.326,0.55,0.3,0.6,40.0,0.0,0.0021098039890823555,0.7133006352917137,0.695637184871889,-0.7153656167870004,0.17820320520722244,2.8311032221688244,2.2176975240322454,sensitivity_not_identified_set
9,CES_grid,reprocessed,bilateral,120.0,40,services,1.326,0.55,0.3,0.6,40.0,0.0,0.0021098039890823555,-0.07406117803895329,-0.0738276665302795,0.07412783271507628,-0.013152968227531092,4.348383624687625,3.4062338393386398,sensitivity_not_identified_set
9,CES_grid,reprocessed,bilateral,120.0,40,AGGREGATE,1.326,0.55,0.3,0.6,40.0,0.0,0.0021098039890823555,0.034337500198944326,0.054729564389632834,-0.03506884513594377,0.0006918162906599523,4.011201994415099,3.1421082289584943,sensitivity_not_identified_set
9,CES_grid,reprocessed,bilateral,120.0,36,agriculture,1.326,0.55,0.3,0.6,40.0,0.0,0.0021098039890823555,4.616598407017647,4.1153362978741725,-5.6785367706581376,1.5836862372723082,-2.4194421691558654,-1.8952296991720945,sensitivity_not_identified_set
9,CES_grid,reprocessed,bilateral,120.0,36,industry,1.326,0.55,0.3,0.6,40.0,0.0,0.0021098039890823555,6.711204758564149,6.55115236203252,-6.35456216028002,1.6584117537468634,-0.4309924510918055,-0.3376107533552476,sensitivity_not_identified_set
9,CES_grid,reprocessed,bilateral,120.0,36,services,1.326,0.55,0.3,0.6,40.0,0.0,0.0021098039890823555,5.436711342670186,5.428344313754119,-5.157221662579037,0.9533760683494485,1.5777719195571485,1.235921336986433,sensitivity_not_identified_set
9,CES_grid,reprocessed,bilateral,120.0,36,AGGREGATE,1.326,0.55,0.3,0.6,40.0,0.0,0.0021098039890823555,5.662242697244557,5.603822348209153,-5.471268682207143,1.145496823380654,0.8421882492139121,0.6597141285508978,sensitivity_not_identified_set
9,CES_grid,reprocessed,flat_below,120.0,40,agriculture,1.326,0.55,0.3,0.6,40.0,0.0,0.0021098039890823555,-0.9472425150419239,-0.8460629479831505,1.2389134605294005,-0.3428201017064203,4.583439531032804,3.590360965975696,sensitivity_not_identified_set
9,CES_grid,reprocessed,flat_below,120.0,40,industry,1.326,0.55,0.3,0.6,40.0,0.0,0.0021098039890823555,0.7067866315752402,0.6894507888166368,-0.7087217677534952,0.17617897195155718,2.8394998970630936,2.22427491936609,sensitivity_not_identified_set
9,CES_grid,reprocessed,flat_below,120.0,40,services,1.326,0.55,0.3,0.6,40.0,0.0,0.0021098039890823555,-0.07164532543157964,-0.07146546492859951,0.07170382978378687,-0.01262958154151228,4.345318003981019,3.403832436451798,sensitivity_not_identified_set
9,CES_grid,reprocessed,flat_below,120.0,40,AGGREGATE,1.326,0.55,0.3,0.6,40.0,0.0,0.0021098039890823555,0.033778346941981674,0.0536693486804074,-0.03448350589155824,0.001021921696658934,4.011977453855063,3.1427156721864655,sensitivity_not_identified_set
9,CES_grid,reprocessed,flat_below,120.0,36,agriculture,1.326,0.55,0.3,0.6,40.0,0.0,0.0021098039890823555,3.2032103376137044,2.8564070618641857,-3.993987117497688,1.1126430154143274,-0.2671918779029231,-0.20930030435728977,sensitivity_not_identified_set
9,CES_grid,reprocessed,flat_below,120.0,36,industry,1.326,0.55,0.3,0.6,40.0,0.0,0.0021098039890823555,5.183299581569556,5.059709940772517,-4.977577226678664,1.2814792670406139,1.3365297425538571,1.0469482983338547,sensitivity_not_identified_set
9,CES_grid,reprocessed,flat_below,120.0,36,services,1.326,0.55,0.3,0.6,40.0,0.0,0.0021098039890823555,3.9450168881300263,3.9398368325816113,-3.7956793076840745,0.6889014265966609,3.3178045883738787,2.5989469275595383,sensitivity_not_identified_set
9,CES_grid,reprocessed,flat_below,120.0,36,AGGREGATE,1.326,0.55,0.3,0.6,40.0,0.0,0.0021098039890823555,4.165458389549093,4.126750454728323,-4.0817829649313575,0.8423458581167664,2.6195184235500673,2.0519560984475524,sensitivity_not_identified_set
10,CES_grid,reprocessed,bilateral,120.0,40,agriculture,1.326,0.55,0.4,0.6,40.0,0.0,0.0021098039890823555,-0.930997841516501,-0.8302708396121905,1.193020077384488,-0.3328092746070821,4.525579295745358,3.54503711500053,sensitivity_not_identified_set
10,CES_grid,reprocessed,bilateral,120.0,40,industry,1.326,0.55,0.4,0.6,40.0,0.0,0.0021098039890823555,0.6902437704003672,0.6781096282421961,-0.6886845074478121,0.16139393063896446,2.8644597358806436,2.243826793106504,sensitivity_not_identified_set
10,CES_grid,reprocessed,bilateral,120.0,40,services,1.326,0.55,0.4,0.6,40.0,0.0,0.0021098039890823555,-0.07172522198676257,-0.07205580830387248,0.07180042492109795,-0.011216141013509207,4.345519230895171,3.403990064201218,sensitivity_not_identified_set
10,CES_grid,reprocessed,bilateral,120.0,40,AGGREGATE,1.326,0.55,0.4,0.6,40.0,0.0,0.0021098039890823555,0.03286510542939158,0.052945379972624274,-0.033476192990189446,-0.00023044883550871198,4.013241753794576,3.143706040472418,sensitivity_not_identified_set
10,CES_grid,reprocessed,bilateral,120.0,36,agriculture,1.326,0.55,0.4,0.6,40.0,0.0,0.0021098039890823555,4.47538132658527,3.9833189108309908,-5.394400472216187,1.5185635630868388,-2.0564707252416063,-1.610902068105925,sensitivity_not_identified_set
10,CES_grid,reprocessed,bilateral,120.0,36,industry,1.326,0.55,0.4,0.6,40.0,0.0,0.0021098039890823555,6.485131680323808,6.379724683449117,-6.119350678117996,1.4990222921523855,-0.1266321975630409,-0.09919522142438202,sensitivity_not_identified_set
10,CES_grid,reprocessed,bilateral,120.0,36,services,1.326,0.55,0.4,0.6,40.0,0.0,0.0021098039890823555,5.258448593197063,5.293296870759834,-4.9975531819527745,0.8085287871894886,1.7826425564217634,1.396403335863715,sensitivity_not_identified_set
10,CES_grid,reprocessed,bilateral,120.0,36,AGGREGATE,1.326,0.55,0.4,0.6,40.0,0.0,0.0021098039890823555,5.475765756145257,5.459310587088062,-5.2866197644523165,1.0037108071889012,1.0795370227250127,0.8456373344679265,sensitivity_not_identified_set
10,CES_grid,reprocessed,flat_below,120.0,40,agriculture,1.326,0.55,0.4,0.6,40.0,0.0,0.0021098039890823555,-0.9192763862816089,-0.8196863443719726,1.175124822910889,-0.32813944007172857,4.503073436349211,3.527407525140215,sensitivity_not_identified_set
10,CES_grid,reprocessed,flat_below,120.0,40,industry,1.326,0.55,0.4,0.6,40.0,0.0,0.0021098039890823555,0.6838954004914299,0.6720527914248153,-0.6822906960181174,0.15953700591121445,2.8725442231877554,2.250159641497075,sensitivity_not_identified_set
10,CES_grid,reprocessed,flat_below,120.0,40,services,1.326,0.55,0.4,0.6,40.0,0.0,0.0021098039890823555,-0.06937880402698715,-0.06974363859285626,0.06945673015117393,-0.010709957892712785,4.342555182724083,3.4016682264671987,sensitivity_not_identified_set
10,CES_grid,reprocessed,flat_below,120.0,40,AGGREGATE,1.326,0.55,0.4,0.6,40.0,0.0,0.0021098039890823555,0.03230582681470473,0.051898681065654095,-0.03289805947114255,0.00010722343042890436,4.014007817907243,3.1443061240273398,sensitivity_not_identified_set
10,CES_grid,reprocessed,flat_below,120.0,36,agriculture,1.326,0.55,0.4,0.6,40.0,0.0,0.0021098039890823555,3.1056785718012625,2.7651531304826893,-3.7923435731932353,1.0663618335263414,-0.009601310580153195,-0.007521026621120004,sensitivity_not_identified_set
10,CES_grid,reprocessed,flat_below,120.0,36,industry,1.326,0.55,0.4,0.6,40.0,0.0,0.0021098039890823555,5.010129846600497,4.92834556692352,-4.793013091217491,1.1586935012789845,1.5752926992220615,1.2339792810572814,sensitivity_not_identified_set
10,CES_grid,reprocessed,flat_below,120.0,36,services,1.326,0.55,0.4,0.6,40.0,0.0,0.0021098039890823555,3.816609126200765,3.8423735469932607,-3.6779792934818145,0.5817067539114762,3.468826553020357,2.717247466532613,sensitivity_not_identified_set
10,CES_grid,reprocessed,flat_below,120.0,36,AGGREGATE,1.326,0.55,0.4,0.6,40.0,0.0,0.0021098039890823555,4.029094121096244,4.02094273974265,-3.9436111880601254,0.7365727111869391,2.797135682544344,2.19108961799307,sensitivity_not_identified_set
11,CES_grid,reprocessed,bilateral,120.0,40,agriculture,1.326,0.55,0.5,0.6,40.0,0.0,0.0021098039890823555,-0.9086824863549614,-0.809512395501899,1.1443017390653232,-0.3215904305226225,4.464200443640412,3.4969570141849897,sensitivity_not_identified_set
11,CES_grid,reprocessed,bilateral,120.0,40,industry,1.326,0.55,0.5,0.6,40.0,0.0,0.0021098039890823555,0.6719774817229629,0.6642866799021485,-0.6687273961488049,0.14899407563611633,2.889417206905721,2.2633768120761477,sensitivity_not_identified_set
11,CES_grid,reprocessed,bilateral,120.0,40,services,1.326,0.55,0.5,0.6,40.0,0.0,0.0021098039890823555,-0.06992018354929908,-0.07065537788036869,0.07008651647113506,-0.009696812217707684,4.343415013209585,3.4023417603475075,sensitivity_not_identified_set
11,CES_grid,reprocessed,bilateral,120.0,40,AGGREGATE,1.326,0.55,0.5,0.6,40.0,0.0,0.0021098039890823555,0.03175971998261584,0.05155026180885258,-0.03232185894115336,-0.0008266983445193166,4.014725116633472,3.144868008029553,sensitivity_not_identified_set
11,CES_grid,reprocessed,bilateral,120.0,36,agriculture,1.326,0.55,0.5,0.6,40.0,0.0,0.0021098039890823555,4.363720482689115,3.880511597837444,-5.179583319358638,1.469279573237281,-1.782051315287744,-1.3959401969753993,sensitivity_not_identified_set
11,CES_grid,reprocessed,bilateral,120.0,36,industry,1.326,0.55,0.5,0.6,40.0,0.0,0.0021098039890823555,6.306446029028501,6.24476886269445,-5.943688575019257,1.3816046497650614,0.10062965260113099,0.07882656120421927,sensitivity_not_identified_set
11,CES_grid,reprocessed,bilateral,120.0,36,services,1.326,0.55,0.5,0.6,40.0,0.0,0.0021098039890823555,5.121069358583519,5.186729864837014,-4.880440664135199,0.6954110962446081,1.932957503663023,1.5141500445360347,sensitivity_not_identified_set
11,CES_grid,reprocessed,bilateral,120.0,36,AGGREGATE,1.326,0.55,0.5,0.6,40.0,0.0,0.0021098039890823555,5.330914629977634,5.345419577727495,-5.1498539522099485,0.8945480069142253,1.2553624751334556,0.9833672721878736,sensitivity_not_identified_set
11,CES_grid,reprocessed,flat_below,120.0,40,agriculture,1.326,0.55,0.5,0.6,40.0,0.0,0.0021098039890823555,-0.8971180524935063,-0.7991117944518233,1.1270377156787248,-0.3170650832123423,4.442489909242417,3.47995042890656,sensitivity_not_identified_set
11,CES_grid,reprocessed,flat_below,120.0,40,industry,1.326,0.55,0.5,0.6,40.0,0.0,0.0021098039890823555,0.6657629179482427,0.6583329797442916,-0.6625207836278513,0.14726131257679076,2.8972679189414094,2.2695265365041037,sensitivity_not_identified_set
11,CES_grid,reprocessed,flat_below,120.0,40,services,1.326,0.55,0.5,0.6,40.0,0.0,0.0021098039890823555,-0.06762896182400668,-0.06838298472208182,0.06780209721972685,-0.009256451572947633,4.340523007430352,3.400076355820442,sensitivity_not_identified_set
11,CES_grid,reprocessed,flat_below,120.0,40,AGGREGATE,1.326,0.55,0.5,0.6,40.0,0.0,0.0021098039890823555,0.03120103627733961,0.050514797181455684,-0.03174865051625009,-0.0005219031780856476,4.015482621534287,3.145461386868525,sensitivity_not_identified_set
11,CES_grid,reprocessed,flat_below,120.0,36,agriculture,1.326,0.55,0.5,0.6,40.0,0.0,0.0021098039890823555,3.0285341580759795,2.6940729282022957,-3.640027225129061,1.0313703265090735,0.18497604927577643,0.14489790526602486,sensitivity_not_identified_set
11,CES_grid,reprocessed,flat_below,120.0,36,industry,1.326,0.55,0.5,0.6,40.0,0.0,0.0021098039890823555,4.873198585472993,4.824891083308436,-4.655123345169465,1.0682194415701396,1.753642116748189,1.373686324786081,sensitivity_not_identified_set
11,CES_grid,reprocessed,flat_below,120.0,36,services,1.326,0.55,0.5,0.6,40.0,0.0,0.0021098039890823555,3.7176687832475963,3.7654449931265432,-3.591559299212821,0.5008759875876179,3.579727320472459,2.8041197343700928,sensitivity_not_identified_set
11,CES_grid,reprocessed,flat_below,120.0,36,AGGREGATE,1.326,0.55,0.5,0.6,40.0,0.0,0.0021098039890823555,3.9231808715493477,3.9375319884315862,-3.8412029415285653,0.6572395622489902,2.9287834525466865,2.2942137044949047,sensitivity_not_identified_set
12,CES_grid,reprocessed,bilateral,120.0,40,agriculture,1.326,0.622,0.3,0.6,40.0,0.0,0.0021098039890823555,-1.0690221648271159,-0.9654683736856962,1.5498071661981028,-0.41482819741583965,4.9750950759713355,3.89715780951088,sensitivity_not_identified_set
12,CES_grid,reprocessed,bilateral,120.0,40,industry,1.326,0.622,0.3,0.6,40.0,0.0,0.0021098039890823555,0.8023751059071271,0.7650439218546357,-0.8399656804896738,0.2594336111974238,2.675443519176339,2.095764090021466,sensitivity_not_identified_set
12,CES_grid,reprocessed,bilateral,120.0,40,services,1.326,0.622,0.3,0.6,40.0,0.0,0.0021098039890823555,-0.08322591705919313,-0.0808015316210442,0.08500405228719643,-0.020679911611354296,4.361853244060883,3.416785041181024,sensitivity_not_identified_set
12,CES_grid,reprocessed,bilateral,120.0,40,AGGREGATE,1.326,0.622,0.3,0.6,40.0,0.0,0.0021098039890823555,0.04133428332457889,0.06195519913307912,-0.043526022599538194,0.006823869042216213,4.0004708944261225,3.133702200633796,sensitivity_not_identified_set
12,CES_grid,reprocessed,bilateral,120.0,36,agriculture,1.326,0.622,0.3,0.6,40.0,0.0,0.0021098039890823555,5.171004243144206,4.657068396281283,-6.952252383721813,1.8749350072315263,-4.04655185711242,-3.169798954738062,sensitivity_not_identified_set
12,CES_grid,reprocessed,bilateral,120.0,36,industry,1.326,0.622,0.3,0.6,40.0,0.0,0.0021098039890823555,7.590195710582792,7.233326628202419,-7.458433534010278,2.4310220377999405,-1.860021775804987,-1.4570170577139063,sensitivity_not_identified_set
12,CES_grid,reprocessed,bilateral,120.0,36,services,1.326,0.622,0.3,0.6,40.0,0.0,0.0021098039890823555,6.14024342370052,5.9622356113030905,-5.9089068576081765,1.5166189546953979,0.6141336350192447,0.4810713474317416,sensitivity_not_identified_set
12,CES_grid,reprocessed,bilateral,120.0,36,AGGREGATE,1.326,0.622,0.3,0.6,40.0,0.0,0.0021098039890823555,6.396698851729665,6.177050138666185,-6.332957494195202,1.7310095692533556,-0.2650003299559317,-0.2075835917988131,sensitivity_not_identified_set
12,CES_grid,reprocessed,flat_below,120.0,40,agriculture,1.326,0.622,0.3,0.6,40.0,0.0,0.0021098039890823555,-1.0564299723887394,-0.9537879814431327,1.5275150131236703,-0.40915163916585007,4.9470493393420805,3.875188649151297,sensitivity_not_identified_set
12,CES_grid,reprocessed,flat_below,120.0,40,industry,1.326,0.622,0.3,0.6,40.0,0.0,0.0021098039890823555,0.7952559417786942,0.758357871602966,-0.8321603059436744,0.2566149674665785,2.6852897136599285,2.103476942366944,sensitivity_not_identified_set
12,CES_grid,reprocessed,flat_below,120.0,40,services,1.326,0.622,0.3,0.6,40.0,0.0,0.0021098039890823555,-0.08055966258365688,-0.07824560509647194,0.08221897054836447,-0.019895639784478503,4.35834105353475,3.4140338252688878,sensitivity_not_identified_set
12,CES_grid,reprocessed,flat_below,120.0,40,AGGREGATE,1.326,0.622,0.3,0.6,40.0,0.0,0.0021098039890823555,0.040762871408395185,0.06084958290260012,-0.04287908411848562,0.007240941057912176,4.001332616953825,3.1343772166138297,sensitivity_not_identified_set
12,CES_grid,reprocessed,flat_below,120.0,36,agriculture,1.326,0.622,0.3,0.6,40.0,0.0,0.0021098039890823555,3.5857662578299587,3.230609771211168,-4.900421846169589,1.3202530153229142,-1.4251186156689368,-1.116342915607334,sensitivity_not_identified_set
12,CES_grid,reprocessed,flat_below,120.0,36,industry,1.326,0.622,0.3,0.6,40.0,0.0,0.0021098039890823555,5.8557849851481825,5.581919062624396,-5.842760824266224,1.8764257794865236,0.21677811752578005,0.1698095253951944,sensitivity_not_identified_set
12,CES_grid,reprocessed,flat_below,120.0,36,services,1.326,0.622,0.3,0.6,40.0,0.0,0.0021098039890823555,4.452265920953247,4.324874671550805,-4.3494798982753995,1.094699076862532,2.6079219304300874,2.0428721788369018,sensitivity_not_identified_set
12,CES_grid,reprocessed,flat_below,120.0,36,AGGREGATE,1.326,0.622,0.3,0.6,40.0,0.0,0.0021098039890823555,4.703006442865765,4.546135103325111,-4.726474479997589,1.2718639492026673,1.791150155438955,1.403067621760515,sensitivity_not_identified_set
13,CES_grid,reprocessed,bilateral,120.0,40,agriculture,1.326,0.622,0.4,0.6,40.0,0.0,0.0021098039890823555,-1.0442220341062458,-0.9402522509767364,1.4775450711026261,-0.39823511911639686,4.884050874305689,3.8258398515394565,sensitivity_not_identified_set
13,CES_grid,reprocessed,bilateral,120.0,40,industry,1.326,0.622,0.4,0.6,40.0,0.0,0.0021098039890823555,0.782498412142929,0.7492245823685684,-0.8084571603018675,0.23855376793645577,2.7147921914165827,2.1265872166096567,sensitivity_not_identified_set
13,CES_grid,reprocessed,bilateral,120.0,40,services,1.326,0.622,0.4,0.6,40.0,0.0,0.0021098039890823555,-0.08116703579759132,-0.07921796730080422,0.08225592818169591,-0.01872715247934198,4.358452646024524,3.4141212393858775,sensitivity_not_identified_set
13,CES_grid,reprocessed,bilateral,120.0,40,AGGREGATE,1.326,0.622,0.4,0.6,40.0,0.0,0.0021098039890823555,0.039556015344643924,0.060286366480988285,-0.04123751615209281,0.005210060082427859,4.003372870569502,3.1359754152794435,sensitivity_not_identified_set
13,CES_grid,reprocessed,bilateral,120.0,36,agriculture,1.326,0.622,0.4,0.6,40.0,0.0,0.0021098039890823555,5.04539027433768,4.530853320199357,-6.638928020786949,1.8033975504565314,-3.646294793551482,-2.8562642549486608,sensitivity_not_identified_set
13,CES_grid,reprocessed,bilateral,120.0,36,industry,1.326,0.622,0.4,0.6,40.0,0.0,0.0021098039890823555,7.393260929032919,7.077372585412456,-7.178490004978222,2.232186000117159,-1.4975391265513869,-1.1730723157985865,sensitivity_not_identified_set
13,CES_grid,reprocessed,bilateral,120.0,36,services,1.326,0.622,0.4,0.6,40.0,0.0,0.0021098039890823555,5.981632567935113,5.840673292971754,-5.718144880062315,1.3698921834368605,0.8587168254160215,0.6726615132425502,sensitivity_not_identified_set
13,CES_grid,reprocessed,bilateral,120.0,36,AGGREGATE,1.326,0.622,0.4,0.6,40.0,0.0,0.0021098039890823555,6.231055530749807,6.046269782500002,-6.11527420881024,1.5793076643936255,0.014748558819513907,0.011553037741952562,sensitivity_not_identified_set
13,CES_grid,reprocessed,flat_below,120.0,40,agriculture,1.326,0.622,0.4,0.6,40.0,0.0,0.0021098039890823555,-1.0317737910233826,-0.9287628613995125,1.4561112834384327,-0.3927550594943985,4.857086634915956,3.8047178640174986,sensitivity_not_identified_set
13,CES_grid,reprocessed,flat_below,120.0,40,industry,1.326,0.622,0.4,0.6,40.0,0.0,0.0021098039890823555,0.7755094341878932,0.7426505339228839,-0.800944238824064,0.2359370867873134,2.724273500513007,2.134014242068522,sensitivity_not_identified_set
13,CES_grid,reprocessed,flat_below,120.0,40,services,1.326,0.622,0.4,0.6,40.0,0.0,0.0021098039890823555,-0.07855581015002722,-0.07670558270231886,0.07956203412886609,-0.01801001586325124,4.3550531642226415,3.4114583119744024,sensitivity_not_identified_set
13,CES_grid,reprocessed,flat_below,120.0,40,AGGREGATE,1.326,0.622,0.4,0.6,40.0,0.0,0.0021098039890823555,0.03898850049710578,0.059189944840354336,-0.04060891824269053,0.005605302427524883,4.004209267398256,3.1366305927953,sensitivity_not_identified_set
13,CES_grid,reprocessed,flat_below,120.0,36,agriculture,1.326,0.622,0.4,0.6,40.0,0.0,0.0021098039890823555,3.4991364390040802,3.143463244407152,-4.677059180273336,1.2691630666607612,-1.1397834047504607,-0.8928303337211941,sensitivity_not_identified_set
13,CES_grid,reprocessed,flat_below,120.0,36,industry,1.326,0.622,0.4,0.6,40.0,0.0,0.0021098039890823555,5.7052314174019125,5.462610870413198,-5.623487553523098,1.723320936583389,0.5006313988064803,0.39216126239840965,sensitivity_not_identified_set
13,CES_grid,reprocessed,flat_below,120.0,36,services,1.326,0.622,0.4,0.6,40.0,0.0,0.0021098039890823555,4.337944308430419,4.2372427403037705,-4.209100621971562,0.9890635662197833,2.7878876942929796,2.1838453605295003,sensitivity_not_identified_set
13,CES_grid,reprocessed,flat_below,120.0,36,AGGREGATE,1.326,0.622,0.4,0.6,40.0,0.0,0.0021098039890823555,4.581772283326591,4.4504982874278065,-4.563708819545331,1.160639684109499,2.000322780907424,1.5669195117108154,sensitivity_not_identified_set
14,CES_grid,reprocessed,bilateral,120.0,40,agriculture,1.326,0.622,0.5,0.6,40.0,0.0,0.0021098039890823555,-1.0243973926248984,-0.920399385666959,1.4226249943639857,-0.3856193819062881,4.814856483136362,3.7716375784568172,sensitivity_not_identified_set
14,CES_grid,reprocessed,bilateral,120.0,40,industry,1.326,0.622,0.5,0.6,40.0,0.0,0.0021098039890823555,0.766486030662894,0.7366449843340561,-0.7848351927158381,0.22303690577468727,2.7442976387056435,2.1496998169860873,sensitivity_not_identified_set
14,CES_grid,reprocessed,bilateral,120.0,40,services,1.326,0.622,0.5,0.6,40.0,0.0,0.0021098039890823555,-0.07951436632732678,-0.07795621717153756,0.08019574753252989,-0.01728439131312709,4.3559021596788705,3.412123358415115,sensitivity_not_identified_set
14,CES_grid,reprocessed,bilateral,120.0,40,AGGREGATE,1.326,0.622,0.5,0.6,40.0,0.0,0.0021098039890823555,0.03822306273844056,0.058968408638526704,-0.03958472455567463,0.004026247994914911,4.005469449686131,3.1376177355874697,sensitivity_not_identified_set
14,CES_grid,reprocessed,bilateral,120.0,36,agriculture,1.326,0.622,0.5,0.6,40.0,0.0,0.0021098039890823555,4.945172376565199,4.431661771107365,-6.400048331006469,1.748817434220884,-3.3411372432586655,-2.6172241738859547,sensitivity_not_identified_set
14,CES_grid,reprocessed,bilateral,120.0,36,industry,1.326,0.622,0.5,0.6,40.0,0.0,0.0021098039890823555,7.234948861250179,6.953556358616542,-6.968955371695329,2.0844983246359083,-1.2262553710700819,-0.9605667073382307,sensitivity_not_identified_set
14,CES_grid,reprocessed,bilateral,120.0,36,services,1.326,0.622,0.5,0.6,40.0,0.0,0.0021098039890823555,5.854550703175354,5.743954482826563,-5.575513369501294,1.261739676215673,1.0415775672636989,0.8159024276898976,sensitivity_not_identified_set
14,CES_grid,reprocessed,bilateral,120.0,36,AGGREGATE,1.326,0.622,0.5,0.6,40.0,0.0,0.0021098039890823555,6.098388262893106,5.942324978571878,-5.95205250572266,1.4671174135563791,0.22448960763641396,0.17585019264852428,sensitivity_not_identified_set
14,CES_grid,reprocessed,flat_below,120.0,40,agriculture,1.326,0.622,0.5,0.6,40.0,0.0,0.0021098039890823555,-1.0120681033256251,-0.9090646981232076,1.4018544742172345,-0.3802911533110076,4.788727928855075,3.7511702109364755,sensitivity_not_identified_set
14,CES_grid,reprocessed,flat_below,120.0,40,industry,1.326,0.622,0.5,0.6,40.0,0.0,0.0021098039890823555,0.7596039610436867,0.7301607927040488,-0.77754213921164,0.22057125554068024,2.7535045915100453,2.1569119300162023,sensitivity_not_identified_set
14,CES_grid,reprocessed,flat_below,120.0,40,services,1.326,0.622,0.5,0.6,40.0,0.0,0.0021098039890823555,-0.07694783195798527,-0.07547871407432849,0.07757024996601913,-0.016617065168983425,4.3525872465824,3.4095266764895467,sensitivity_not_identified_set
14,CES_grid,reprocessed,flat_below,120.0,40,AGGREGATE,1.326,0.622,0.5,0.6,40.0,0.0,0.0021098039890823555,0.037658104512972024,0.05787978729128174,-0.03896869821303772,0.00440507934247325,4.006288358109197,3.138259213852204,sensitivity_not_identified_set
14,CES_grid,reprocessed,flat_below,120.0,36,agriculture,1.326,0.622,0.5,0.6,40.0,0.0,0.0021098039890823555,3.4300013315352373,3.0749597153759245,-4.50693727971796,1.2302258659423915,-0.9224607074672428,-0.7225942208493403,sensitivity_not_identified_set
14,CES_grid,reprocessed,flat_below,120.0,36,industry,1.326,0.622,0.5,0.6,40.0,0.0,0.0021098039890823555,5.584155631954157,5.367856883741284,-5.45930705253086,1.6096030434151976,0.7131417522614318,0.5586277059381216,sensitivity_not_identified_set
14,CES_grid,reprocessed,flat_below,120.0,36,services,1.326,0.622,0.5,0.6,40.0,0.0,0.0021098039890823555,4.246332422872845,4.167504124558419,-4.104067335175621,0.91116679541689,2.922531144649097,2.2893160633084593,sensitivity_not_identified_set
14,CES_grid,reprocessed,flat_below,120.0,36,AGGREGATE,1.326,0.622,0.5,0.6,40.0,0.0,0.0021098039890823555,4.4846746493109935,4.374466906213148,-4.44162015205568,1.078358793441786,2.1572073031453,1.6898123874638182,sensitivity_not_identified_set
15,CES_grid,reprocessed,bilateral,120.0,40,agriculture,1.326,0.7,0.3,0.6,40.0,0.0,0.0021098039890823555,-1.1784793236744417,-1.0822065169258654,1.9260944296894955,-0.5011635530064451,5.4491901403529,4.268532276609772,sensitivity_not_identified_set
15,CES_grid,reprocessed,bilateral,120.0,40,industry,1.326,0.7,0.3,0.6,40.0,0.0,0.0021098039890823555,0.8868775014544639,0.8360467821965312,-1.013285680635534,0.3770700244432934,2.459113179381428,1.926305323848785,sensitivity_not_identified_set
15,CES_grid,reprocessed,bilateral,120.0,40,services,1.326,0.7,0.3,0.6,40.0,0.0,0.0021098039890823555,-0.09207190405600141,-0.08786639840773214,0.10020055378687776,-0.03193274334783447,4.380632717551883,3.4314956287489746,sensitivity_not_identified_set
15,CES_grid,reprocessed,bilateral,120.0,40,AGGREGATE,1.326,0.7,0.3,0.6,40.0,0.0,0.0021098039890823555,0.05086750450344901,0.06959651240123765,-0.057554968315842725,0.016276980568591393,3.98269874899452,3.119780686712374,sensitivity_not_identified_set
15,CES_grid,reprocessed,bilateral,120.0,36,agriculture,1.326,0.7,0.3,0.6,40.0,0.0,0.0021098039890823555,5.7285804432405385,5.244709554829408,-8.565554662182162,2.242554044234446,-6.107463022074947,-4.784179367292042,sensitivity_not_identified_set
15,CES_grid,reprocessed,bilateral,120.0,36,industry,1.326,0.7,0.3,0.6,40.0,0.0,0.0021098039890823555,8.432887522095388,7.936754111344269,-9.005239615507321,3.5505749882049518,-3.8634380153170986,-3.0263597786650607,sensitivity_not_identified_set
15,CES_grid,reprocessed,bilateral,120.0,36,services,1.326,0.7,0.3,0.6,40.0,0.0,0.0021098039890823555,6.825523865569294,6.506953493986245,-6.973947960315085,2.3680226131512105,-0.7516238737273365,-0.588772034419747,sensitivity_not_identified_set
15,CES_grid,reprocessed,bilateral,120.0,36,AGGREGATE,1.326,0.7,0.3,0.6,40.0,0.0,0.0021098039890823555,7.114369691285138,6.764852173217628,-7.534379243138689,2.600677042524607,-1.8092967726347786,-1.4172824718972434,sensitivity_not_identified_set
15,CES_grid,reprocessed,flat_below,120.0,40,agriculture,1.326,0.7,0.3,0.6,40.0,0.0,0.0021098039890823555,-1.1653149710828425,-1.069722025084785,1.8995949294500436,-0.49452330829474755,5.415843408038426,4.2424106696301,sensitivity_not_identified_set
15,CES_grid,reprocessed,flat_below,120.0,40,industry,1.326,0.7,0.3,0.6,40.0,0.0,0.0021098039890823555,0.8792360303807367,0.8288717071705642,-1.0038919068565577,0.37313834067927987,2.470940504744942,1.9355700620502045,sensitivity_not_identified_set
15,CES_grid,reprocessed,flat_below,120.0,40,services,1.326,0.7,0.3,0.6,40.0,0.0,0.0021098039890823555,-0.08917761380660139,-0.08511942040597686,0.09691311801833802,-0.030766539351628763,4.376500279798791,3.428258552509053,sensitivity_not_identified_set
15,CES_grid,reprocessed,flat_below,120.0,40,AGGREGATE,1.326,0.7,0.3,0.6,40.0,0.0,0.0021098039890823555,0.05026553950975288,0.06845816231515478,-0.0567794790068743,0.01681391790437914,3.9837349708503,3.120592393832735,sensitivity_not_identified_set
15,CES_grid,reprocessed,flat_below,120.0,36,agriculture,1.326,0.7,0.3,0.6,40.0,0.0,0.0021098039890823555,3.9699785679908617,3.6360596115130317,-6.054619114771908,1.5838060053374736,-2.8995474929765064,-2.271312202831597,sensitivity_not_identified_set
15,CES_grid,reprocessed,flat_below,120.0,36,industry,1.326,0.7,0.3,0.6,40.0,0.0,0.0021098039890823555,6.499202046915342,6.119501032320684,-7.053377653534632,2.739169206830999,-1.3508412392338716,-1.0581589707331993,sensitivity_not_identified_set
15,CES_grid,reprocessed,flat_below,120.0,36,services,1.326,0.7,0.3,0.6,40.0,0.0,0.0021098039890823555,4.945944814001568,4.717278921072765,-5.131372220057672,1.7069914955973597,1.6053691441456388,1.2575391629140837,sensitivity_not_identified_set
15,CES_grid,reprocessed,flat_below,120.0,36,AGGREGATE,1.326,0.7,0.3,0.6,40.0,0.0,0.0021098039890823555,5.228337394903049,4.975656432809594,-5.62365544595912,1.90902570084987,0.6379179213334136,0.49970237171117404,sensitivity_not_identified_set
16,CES_grid,reprocessed,bilateral,120.0,40,agriculture,1.326,0.7,0.4,0.6,40.0,0.0,0.0021098039890823555,-1.1580814742044643,-1.0597404737939686,1.847802488400463,-0.48321107639643923,5.350547238813223,4.191262003737025,sensitivity_not_identified_set
16,CES_grid,reprocessed,bilateral,120.0,40,industry,1.326,0.7,0.4,0.6,40.0,0.0,0.0021098039890823555,0.8716443606475055,0.8226604194487397,-0.9758156619857572,0.35133597307115405,2.505869040379602,1.9629307482973548,sensitivity_not_identified_set
16,CES_grid,reprocessed,bilateral,120.0,40,services,1.326,0.7,0.4,0.6,40.0,0.0,0.0021098039890823555,-0.09046709207716219,-0.08653975951378179,0.09689853886485356,-0.029439313199208783,4.376554832945261,3.4283012858071205,sensitivity_not_identified_set
16,CES_grid,reprocessed,bilateral,120.0,40,AGGREGATE,1.326,0.7,0.4,0.6,40.0,0.0,0.0021098039890823555,0.048862432925878,0.06813754749992462,-0.05434021151795587,0.014161118013528151,3.98676912143145,3.1229691451213024,sensitivity_not_identified_set
16,CES_grid,reprocessed,bilateral,120.0,36,agriculture,1.326,0.7,0.4,0.6,40.0,0.0,0.0021098039890823555,5.624288607098182,5.131191917900058,-8.232420112662385,2.166747083875886,-5.681900073611349,-4.450821724328891,sensitivity_not_identified_set
16,CES_grid,reprocessed,bilateral,120.0,36,industry,1.326,0.7,0.4,0.6,40.0,0.0,0.0021098039890823555,8.280289317985257,7.8037019227722215,-8.670148738378359,3.3060775044282673,-3.4293723466553683,-2.6863416715467054,sensitivity_not_identified_set
16,CES_grid,reprocessed,bilateral,120.0,36,services,1.326,0.7,0.4,0.6,40.0,0.0,0.0021098039890823555,6.700727227674119,6.4043686178654635,-6.741162641083398,2.1787332455547648,-0.4530792750085251,-0.35491209875667795,sensitivity_not_identified_set
16,CES_grid,reprocessed,bilateral,120.0,36,AGGREGATE,1.326,0.7,0.4,0.6,40.0,0.0,0.0021098039890823555,6.98327107917851,6.653938635650092,-7.273796623796236,2.4086786816871486,-1.4743064265020407,-1.1548733674265985,sensitivity_not_identified_set
16,CES_grid,reprocessed,flat_below,120.0,40,agriculture,1.326,0.7,0.4,0.6,40.0,0.0,0.0021098039890823555,-1.1450160413033372,-1.0474004801320103,1.822141984597958,-0.4767629926510697,5.318257586103936,4.165968442448084,sensitivity_not_identified_set
16,CES_grid,reprocessed,flat_below,120.0,40,industry,1.326,0.7,0.4,0.6,40.0,0.0,0.0021098039890823555,0.864093308820002,0.8155758298328708,-0.9667619399067018,0.3476441268370545,2.51727229874527,1.9718633006837953,sensitivity_not_identified_set
16,CES_grid,reprocessed,flat_below,120.0,40,services,1.326,0.7,0.4,0.6,40.0,0.0,0.0021098039890823555,-0.08761310718704562,-0.08382825761360513,0.09371981700325716,-0.028356896741527082,4.372556559514591,3.425169304953097,sensitivity_not_identified_set
16,CES_grid,reprocessed,flat_below,120.0,40,AGGREGATE,1.326,0.7,0.4,0.6,40.0,0.0,0.0021098039890823555,0.0482683163434805,0.06700429236867755,-0.053596093961116864,0.014672329241965931,3.9877630756548994,3.123747742596338,sensitivity_not_identified_set
16,CES_grid,reprocessed,flat_below,120.0,36,agriculture,1.326,0.7,0.4,0.6,40.0,0.0,0.0021098039890823555,3.898152208025696,3.557774318507101,-5.81571397431595,1.5293181861959049,-2.594357964228545,-2.032247071979027,sensitivity_not_identified_set
16,CES_grid,reprocessed,flat_below,120.0,36,industry,1.326,0.7,0.4,0.6,40.0,0.0,0.0021098039890823555,6.382792024399131,6.017887789001786,-6.79117982843308,2.550589021108535,-1.011274638859593,-0.792165133773348,sensitivity_not_identified_set
16,CES_grid,reprocessed,flat_below,120.0,36,services,1.326,0.7,0.4,0.6,40.0,0.0,0.0021098039890823555,4.856070798838208,4.643412720191331,-4.960703626825125,1.5709039216885268,1.8242246897946832,1.4289760070058353,sensitivity_not_identified_set
16,CES_grid,reprocessed,flat_below,120.0,36,AGGREGATE,1.326,0.7,0.4,0.6,40.0,0.0,0.0021098039890823555,5.132360340288411,4.894649921270666,-5.429196277085402,1.7683700857437257,0.8879042756344016,0.6955250159136146,sensitivity_not_identified_set
17,CES_grid,reprocessed,bilateral,120.0,40,agriculture,1.326,0.7,0.5,0.6,40.0,0.0,0.0021098039890823555,-1.1416408190606853,-1.0418780676641926,1.7876832002898357,-0.4694229650909154,5.27480088851113,4.131927362667052,sensitivity_not_identified_set
17,CES_grid,reprocessed,bilateral,120.0,40,industry,1.326,0.7,0.5,0.6,40.0,0.0,0.0021098039890823555,0.8591701174812671,0.8119241350462492,-0.9475752568372187,0.33203735244405896,2.5411120163961605,1.990537746176992,sensitivity_not_identified_set
17,CES_grid,reprocessed,bilateral,120.0,40,services,1.326,0.7,0.5,0.6,40.0,0.0,0.0021098039890823555,-0.08915606094053175,-0.08547397286120528,0.09441729843513436,-0.027581669757553717,4.373489696297446,3.4259002620996655,sensitivity_not_identified_set
17,CES_grid,reprocessed,bilateral,120.0,40,AGGREGATE,1.326,0.7,0.5,0.6,40.0,0.0,0.0021098039890823555,0.047326737595665413,0.0669734449715742,-0.05197816875490702,0.012590195815498362,3.989760516470342,3.1253124045684344,sensitivity_not_identified_set
17,CES_grid,reprocessed,bilateral,120.0,36,agriculture,1.326,0.7,0.5,0.6,40.0,0.0,0.0021098039890823555,5.540356136720437,5.041081478546872,-7.975703241988641,2.1082980299823473,-5.3539569334176385,-4.19393293117715,sensitivity_not_identified_set
17,CES_grid,reprocessed,bilateral,120.0,36,industry,1.326,0.7,0.5,0.6,40.0,0.0,0.0021098039890823555,8.155561782614406,7.697135619679352,-8.417773759083403,3.122501450985826,-3.102470513148975,-2.430268568633364,sensitivity_not_identified_set
17,CES_grid,reprocessed,bilateral,120.0,36,services,1.326,0.7,0.5,0.6,40.0,0.0,0.0021098039890823555,6.598937207798672,6.322054617316963,-6.56671297591549,2.0379000771242497,-0.22935889844459806,-0.1796644704482685,sensitivity_not_identified_set
17,CES_grid,reprocessed,bilateral,120.0,36,AGGREGATE,1.326,0.7,0.5,0.6,40.0,0.0,0.0021098039890823555,6.8765099477604785,6.56501219711727,-7.0777744086649825,2.26533340052949,-1.2223227347322598,-0.9574861422069367,sensitivity_not_identified_set
17,CES_grid,reprocessed,flat_below,120.0,40,agriculture,1.326,0.7,0.5,0.6,40.0,0.0,0.0021098039890823555,-1.1286576588241282,-1.0296564496673044,1.7626799018586103,-0.4631253908764288,5.243339272986061,4.107282430505748,sensitivity_not_identified_set
17,CES_grid,reprocessed,flat_below,120.0,40,industry,1.326,0.7,0.5,0.6,40.0,0.0,0.0021098039890823555,0.8516943217389938,0.8049126924349892,-0.9387791001495338,0.32852665672921666,2.5521940530016267,1.999218674851274,sensitivity_not_identified_set
17,CES_grid,reprocessed,flat_below,120.0,40,services,1.326,0.7,0.5,0.6,40.0,0.0,0.0021098039890823555,-0.0863353558501756,-0.0827911053685515,0.09132044195134803,-0.026561949983011646,4.369592475310392,3.42284743899314,sensitivity_not_identified_set
17,CES_grid,reprocessed,flat_below,120.0,40,AGGREGATE,1.326,0.7,0.5,0.6,40.0,0.0,0.0021098039890823555,0.04673812435618263,0.06584463935346285,-0.05125649250709019,0.013081992644503604,3.990724142099916,3.1260672446449345,sensitivity_not_identified_set
17,CES_grid,reprocessed,flat_below,120.0,36,agriculture,1.326,0.7,0.5,0.6,40.0,0.0,0.0021098039890823555,3.840334810246193,3.495618586951843,-5.631816312513848,1.48735689570193,-2.3594377598053398,-1.8482262451808493,sensitivity_not_identified_set
17,CES_grid,reprocessed,flat_below,120.0,36,industry,1.326,0.7,0.5,0.6,40.0,0.0,0.0021098039890823555,6.287608061804328,5.936478712224003,-6.593699193937508,2.409073126944322,-0.7555361966741803,-0.5918366873947746,sensitivity_not_identified_set
17,CES_grid,reprocessed,flat_below,120.0,36,services,1.326,0.7,0.5,0.6,40.0,0.0,0.0021098039890823555,4.78275473522638,4.584131174363404,-4.83272858195698,1.4696458641414833,1.988325815370507,1.5575218887068971,sensitivity_not_identified_set
17,CES_grid,reprocessed,flat_below,120.0,36,AGGREGATE,1.326,0.7,0.5,0.6,40.0,0.0,0.0021098039890823555,5.054205808297141,4.8296881720346185,-5.282872210888434,1.6633599221451523,1.0760019992646561,0.842868232757314,sensitivity_not_identified_set
18,CES_grid,reprocessed,bilateral,120.0,40,agriculture,1.6,0.55,0.3,0.6,40.0,0.0,0.0021098039890823555,-1.04148456112374,-0.8655244646058713,1.4321585356588562,-0.48547539759843383,4.819773384486002,3.7754891511807007,sensitivity_not_identified_set
18,CES_grid,reprocessed,bilateral,120.0,40,industry,1.6,0.55,0.3,0.6,40.0,0.0,0.0021098039890823555,0.8062749066803487,0.7468932965725816,-0.8378585020216489,0.3630222304616737,2.6824740758003736,2.101271359376959,sensitivity_not_identified_set
18,CES_grid,reprocessed,bilateral,120.0,40,services,1.6,0.55,0.3,0.6,40.0,0.0,0.0021098039890823555,-0.08372111577481522,-0.07981908453454922,0.08533795998830751,-0.03126066021351681,4.361696239300213,3.4166620541185,sensitivity_not_identified_set
18,CES_grid,reprocessed,bilateral,120.0,40,AGGREGATE,1.6,0.55,0.3,0.6,40.0,0.0,0.0021098039890823555,0.04437909241359339,0.0625011437560774,-0.046427049605946014,0.015072252902076366,3.9968894559421444,3.1308967404880135,sensitivity_not_identified_set
18,CES_grid,reprocessed,bilateral,120.0,36,agriculture,1.6,0.55,0.3,0.6,40.0,0.0,0.0021098039890823555,5.001448427512267,4.142097204252626,-6.369322796581911,2.1710873710809486,-3.3034953657028634,-2.5877380364672424,sensitivity_not_identified_set
18,CES_grid,reprocessed,bilateral,120.0,36,industry,1.6,0.55,0.3,0.6,40.0,0.0,0.0021098039890823555,7.588843024651437,7.034767722524027,-7.400213623256535,3.385433753763112,-1.8102310704724038,-1.4180143385367165,sensitivity_not_identified_set
18,CES_grid,reprocessed,bilateral,120.0,36,services,1.6,0.55,0.3,0.6,40.0,0.0,0.0021098039890823555,6.150152310080914,5.872836788734737,-5.905986135440077,2.2915863981761264,0.6122647930043115,0.4796074211867106,sensitivity_not_identified_set
18,CES_grid,reprocessed,bilateral,120.0,36,AGGREGATE,1.6,0.55,0.3,0.6,40.0,0.0,0.0021098039890823555,6.389745952206893,6.0319744533213315,-6.2833243680878725,2.506452585537006,-0.21091164779273153,-0.1652141241043064,sensitivity_not_identified_set
18,CES_grid,reprocessed,flat_below,120.0,40,agriculture,1.6,0.55,0.3,0.6,40.0,0.0,0.0021098039890823555,-1.027341220177469,-0.8532094805586476,1.4068935260930449,-0.47850640333134686,4.788026466597089,3.75062073216772,sensitivity_not_identified_set
18,CES_grid,reprocessed,flat_below,120.0,40,industry,1.6,0.55,0.3,0.6,40.0,0.0,0.0021098039890823555,0.7985471487642837,0.7400455517024618,-0.8292538105163283,0.35888935139450906,2.6932856319017318,2.1097404116563565,sensitivity_not_identified_set
18,CES_grid,reprocessed,flat_below,120.0,40,services,1.6,0.55,0.3,0.6,40.0,0.0,0.0021098039890823555,-0.08089763250102022,-0.07722158868792572,0.08236317788317127,-0.03004004328989729,4.357965933691345,3.413739981391553,sensitivity_not_identified_set
18,CES_grid,reprocessed,flat_below,120.0,40,AGGREGATE,1.6,0.55,0.3,0.6,40.0,0.0,0.0021098039890823555,0.04388207254446552,0.06141384737847755,-0.04583968129959759,0.01563204172474464,3.997687624219099,3.131521972304961,sensitivity_not_identified_set
18,CES_grid,reprocessed,flat_below,120.0,36,agriculture,1.6,0.55,0.3,0.6,40.0,0.0,0.0021098039890823555,3.467970100487383,2.8727529907025984,-4.484435642362506,1.5318760114948593,-0.894863819806728,-0.7009766588486035,sensitivity_not_identified_set
18,CES_grid,reprocessed,flat_below,120.0,36,industry,1.6,0.55,0.3,0.6,40.0,0.0,0.0021098039890823555,5.8579659804608,5.431552715296761,-5.799134200993472,2.615260045640283,0.2534983102157526,0.19857367633567283,sensitivity_not_identified_set
18,CES_grid,reprocessed,flat_below,120.0,36,services,1.6,0.55,0.3,0.6,40.0,0.0,0.0021098039890823555,4.456596068642327,4.2591990548124015,-4.3428911065406695,1.65250392993459,2.612322967068499,2.0463196575369906,sensitivity_not_identified_set
18,CES_grid,reprocessed,flat_below,120.0,36,AGGREGATE,1.6,0.55,0.3,0.6,40.0,0.0,0.0021098039890823555,4.697170413857887,4.439798157770758,-4.687102306244661,1.8405159741295696,1.8344746811742974,1.4370051669198665,sensitivity_not_identified_set
19,CES_grid,reprocessed,bilateral,120.0,40,agriculture,1.6,0.55,0.4,0.6,40.0,0.0,0.0021098039890823555,-0.9983461143340477,-0.8249673516289913,1.3211561414188777,-0.4630900675571925,4.6796944542659435,3.6657606558416567,sensitivity_not_identified_set
19,CES_grid,reprocessed,bilateral,120.0,40,industry,1.6,0.55,0.4,0.6,40.0,0.0,0.0021098039890823555,0.768597552901018,0.7218154799469412,-0.7834123663398529,0.32867883795126285,2.7505408431802203,2.154590327157839,sensitivity_not_identified_set
19,CES_grid,reprocessed,bilateral,120.0,40,services,1.6,0.55,0.4,0.6,40.0,0.0,0.0021098039890823555,-0.07984142775859793,-0.07733819819827348,0.08046828939403117,-0.027917074288003052,4.355663958355452,3.411936767378437,sensitivity_not_identified_set
19,CES_grid,reprocessed,bilateral,120.0,40,AGGREGATE,1.6,0.55,0.4,0.6,40.0,0.0,0.0021098039890823555,0.04100910563094029,0.060045026124311285,-0.04226807042062575,0.01214085555016342,4.0021464636733395,3.135014729877449,sensitivity_not_identified_set
19,CES_grid,reprocessed,bilateral,120.0,36,agriculture,1.6,0.55,0.4,0.6,40.0,0.0,0.0021098039890823555,4.781857390917232,3.9406967405857474,-5.88956717678335,2.0772937097174204,-2.6906889151815787,-2.1077063168922368,sensitivity_not_identified_set
19,CES_grid,reprocessed,bilateral,120.0,36,industry,1.6,0.55,0.4,0.6,40.0,0.0,0.0021098039890823555,7.213804712637573,6.7874528871108675,-6.917307048079269,3.0620818965387766,-1.185436367799459,-0.9285918214429095,sensitivity_not_identified_set
19,CES_grid,reprocessed,bilateral,120.0,36,services,1.6,0.55,0.4,0.6,40.0,0.0,0.0021098039890823555,5.849612443024044,5.682072168873287,-5.567176709703525,2.040883895106221,1.0466072008480327,0.8198423073309589,sensitivity_not_identified_set
19,CES_grid,reprocessed,bilateral,120.0,36,AGGREGATE,1.6,0.55,0.4,0.6,40.0,0.0,0.0021098039890823555,6.077361430324091,5.824977581073321,-5.9030966596765655,2.2527591002533764,0.277571302753366,0.21743085382347002,sensitivity_not_identified_set
19,CES_grid,reprocessed,flat_below,120.0,40,agriculture,1.6,0.55,0.4,0.6,40.0,0.0,0.0021098039890823555,-0.9843455848882132,-0.8129853607532933,1.297380646126367,-0.4564119724343896,4.649827885582502,3.642365177039627,sensitivity_not_identified_set
19,CES_grid,reprocessed,flat_below,120.0,40,industry,1.6,0.55,0.4,0.6,40.0,0.0,0.0021098039890823555,0.7610776967373223,0.7151361458800798,-0.775343973254583,0.32489783326263844,2.7606824957416074,2.162534621664259,sensitivity_not_identified_set
19,CES_grid,reprocessed,flat_below,120.0,40,services,1.6,0.55,0.4,0.6,40.0,0.0,0.0021098039890823555,-0.07711387436096784,-0.07480617762838371,0.07766193402649613,-0.0268169634192017,4.352142021817458,3.409177917090342,sensitivity_not_identified_set
19,CES_grid,reprocessed,flat_below,120.0,40,AGGREGATE,1.6,0.55,0.4,0.6,40.0,0.0,0.0021098039890823555,0.04052675889880675,0.05897420688221189,-0.04172551977926764,0.012663963318143567,4.002884212332571,3.135592632993848,sensitivity_not_identified_set
19,CES_grid,reprocessed,flat_below,120.0,36,agriculture,1.6,0.55,0.4,0.6,40.0,0.0,0.0021098039890823555,3.316352096888231,2.7335174166590814,-4.142690479785749,1.4644840547646698,-0.45834074552471915,-0.35903358399436336,sensitivity_not_identified_set
19,CES_grid,reprocessed,flat_below,120.0,36,industry,1.6,0.55,0.4,0.6,40.0,0.0,0.0021098039890823555,5.571277199230584,5.242295712472322,-5.4208948082177795,2.3655980341153624,0.7427724331239511,0.581838405947095,sensitivity_not_identified_set
19,CES_grid,reprocessed,flat_below,120.0,36,services,1.6,0.55,0.4,0.6,40.0,0.0,0.0021098039890823555,4.239858139424912,4.12159039265847,-4.094076112094369,1.472157219452297,2.9312602506656043,2.2961538630213902,sensitivity_not_identified_set
19,CES_grid,reprocessed,flat_below,120.0,36,AGGREGATE,1.6,0.55,0.4,0.6,40.0,0.0,0.0021098039890823555,4.468471680309505,4.288368077636018,-4.403171698089325,1.654531483344024,2.199244404642351,1.7227414503031753,sensitivity_not_identified_set
20,CES_grid,reprocessed,bilateral,120.0,40,agriculture,1.6,0.55,0.5,0.6,40.0,0.0,0.0021098039890823555,-0.9631564904611034,-0.7932440096053983,1.2379960375846544,-0.44624641684747335,4.574756223719541,3.5835590419136407,sensitivity_not_identified_set
20,CES_grid,reprocessed,bilateral,120.0,40,industry,1.6,0.55,0.5,0.6,40.0,0.0,0.0021098039890823555,0.737544360323672,0.7017073552567865,-0.7432205144498383,0.30356219143779506,2.800797184049065,2.1939577941717676,sensitivity_not_identified_set
20,CES_grid,reprocessed,bilateral,120.0,40,services,1.6,0.55,0.5,0.6,40.0,0.0,0.0021098039890823555,-0.07667056805108485,-0.07533967958897048,0.07687507594775767,-0.02549374198966281,4.351210465650906,3.4084481980932098,sensitivity_not_identified_set
20,CES_grid,reprocessed,bilateral,120.0,40,AGGREGATE,1.6,0.55,0.5,0.6,40.0,0.0,0.0021098039890823555,0.03849417170138647,0.058093329203390276,-0.039352023615213394,0.01001699549890156,4.0058323820019535,3.137902032568197,sensitivity_not_identified_set
20,CES_grid,reprocessed,bilateral,120.0,36,agriculture,1.6,0.55,0.5,0.6,40.0,0.0,0.0021098039890823555,4.603576967275536,3.783681339782796,-5.528550281400413,2.006396851444936,-2.229550044609394,-1.7464808682773585,sensitivity_not_identified_set
20,CES_grid,reprocessed,bilateral,120.0,36,industry,1.6,0.55,0.5,0.6,40.0,0.0,0.0021098039890823555,6.906141589501336,6.589729119547139,-6.561336313309729,2.825361337425669,-0.7249191483926564,-0.5678533329075808,sensitivity_not_identified_set
20,CES_grid,reprocessed,bilateral,120.0,36,services,1.6,0.55,0.5,0.6,40.0,0.0,0.0021098039890823555,5.604951082693765,5.528797897680682,-5.318026149889754,1.8595750962242141,1.365984055010796,1.0700208430917904,sensitivity_not_identified_set
20,CES_grid,reprocessed,bilateral,120.0,36,AGGREGATE,1.6,0.55,0.5,0.6,40.0,0.0,0.0021098039890823555,5.822940349991823,5.659130106157995,-5.622449568275512,2.0684670180386444,0.6380889386866808,0.4998363353045666,sensitivity_not_identified_set
20,CES_grid,reprocessed,flat_below,120.0,40,agriculture,1.6,0.55,0.5,0.6,40.0,0.0,0.0021098039890823555,-0.9492909833278662,-0.7815393073787313,1.2153751903227317,-0.43979381056612477,4.546347275166779,3.5613053655473106,sensitivity_not_identified_set
20,CES_grid,reprocessed,flat_below,120.0,40,industry,1.6,0.55,0.5,0.6,40.0,0.0,0.0021098039890823555,0.7302096688783344,0.6951661528643349,-0.7355515469326557,0.3000420755411737,2.810439856233789,2.2015112207164678,sensitivity_not_identified_set
20,CES_grid,reprocessed,flat_below,120.0,40,services,1.6,0.55,0.5,0.6,40.0,0.0,0.0021098039890823555,-0.07402479093986392,-0.07286112003979106,0.07419337522835967,-0.02448175226577587,4.347842804486519,3.4058101968477734,sensitivity_not_identified_set
20,CES_grid,reprocessed,flat_below,120.0,40,AGGREGATE,1.6,0.55,0.5,0.6,40.0,0.0,0.0021098039890823555,0.03802313577592198,0.057036890085426784,-0.038840322208144595,0.010513045449578318,4.006528369897589,3.138447223086445,sensitivity_not_identified_set
20,CES_grid,reprocessed,flat_below,120.0,36,agriculture,1.6,0.55,0.5,0.6,40.0,0.0,0.0021098039890823555,3.1931785694499837,2.6249357569444687,-3.8859357175951126,1.413622327395636,-0.1303781198467477,-0.10212952721328568,sensitivity_not_identified_set
20,CES_grid,reprocessed,flat_below,120.0,36,industry,1.6,0.55,0.5,0.6,40.0,0.0,0.0021098039890823555,5.335920259494742,5.090900933030773,-5.142026874529082,2.1829324720107013,1.1034659673473517,0.8643816744220921,sensitivity_not_identified_set
20,CES_grid,reprocessed,flat_below,120.0,36,services,1.6,0.55,0.5,0.6,40.0,0.0,0.0021098039890823555,4.063425443796653,4.0109901556173,-3.9109633229299945,1.3417184753403366,3.165960422948413,2.4800023313095902,sensitivity_not_identified_set
20,CES_grid,reprocessed,flat_below,120.0,36,AGGREGATE,1.6,0.55,0.5,0.6,40.0,0.0,0.0021098039890823555,4.282234162286902,4.166994865644935,-4.193533680392003,1.5194259033994684,2.4685447574151467,1.9336933933085314,sensitivity_not_identified_set
21,CES_grid,reprocessed,bilateral,120.0,40,agriculture,1.6,0.622,0.3,0.6,40.0,0.0,0.0021098039890823555,-1.1469498424255375,-0.9736089757650723,1.756563144506651,-0.5504360802572661,5.2291874103447,4.096196804770015,sensitivity_not_identified_set
21,CES_grid,reprocessed,bilateral,120.0,40,industry,1.6,0.622,0.3,0.6,40.0,0.0,0.0021098039890823555,0.894326859788408,0.81047814152444,-1.0030934087165821,0.4689547408281425,2.475974083554252,1.9395130321174971,sensitivity_not_identified_set
21,CES_grid,reprocessed,bilateral,120.0,40,services,1.6,0.622,0.3,0.6,40.0,0.0,0.0021098039890823555,-0.09294100303646191,-0.08605248717197256,0.10020002623196689,-0.041804649352822354,4.380087834899298,3.4310688040044504,sensitivity_not_identified_set
21,CES_grid,reprocessed,bilateral,120.0,40,AGGREGATE,1.6,0.622,0.3,0.6,40.0,0.0,0.0021098039890823555,0.054052310110574986,0.06883823103320807,-0.06025616332940853,0.024257812702366266,3.9794087717631057,3.1172035378810996,sensitivity_not_identified_set
21,CES_grid,reprocessed,bilateral,120.0,36,agriculture,1.6,0.622,0.3,0.6,40.0,0.0,0.0021098039890823555,5.542935334555676,4.68248539790026,-7.757665486067101,2.4405787630771947,-5.0768571627145365,-3.976871444126387,sensitivity_not_identified_set
21,CES_grid,reprocessed,bilateral,120.0,36,industry,1.6,0.622,0.3,0.6,40.0,0.0,0.0021098039890823555,8.473623529533715,7.665459283033127,-8.868067819191728,4.377966548232437,-3.709623255256521,-2.905871549950941,sensitivity_not_identified_set
21,CES_grid,reprocessed,bilateral,120.0,36,services,1.6,0.622,0.3,0.6,40.0,0.0,0.0021098039890823555,6.86979711736686,6.354583038604722,-6.947469006950002,3.0844981847426234,-0.7230263141465989,-0.5663706127481692,sensitivity_not_identified_set
21,CES_grid,reprocessed,bilateral,120.0,36,AGGREGATE,1.6,0.622,0.3,0.6,40.0,0.0,0.0021098039890823555,7.138824035762936,6.557514108080187,-7.440960023927512,3.3005927984455896,-1.6983218461926815,-1.3303521128509337,sensitivity_not_identified_set
21,CES_grid,reprocessed,flat_below,120.0,40,agriculture,1.6,0.622,0.3,0.6,40.0,0.0,0.0021098039890823555,-1.1325565699385476,-0.96052460900653,1.7272809677752354,-0.5426820634234164,5.192369299742506,4.067355951464963,sensitivity_not_identified_set
21,CES_grid,reprocessed,flat_below,120.0,40,industry,1.6,0.622,0.3,0.6,40.0,0.0,0.0021098039890823555,0.8861868373806425,0.8032226013695132,-0.9928981259654468,0.4637698928573297,2.4887721402853105,1.9495381765568265,sensitivity_not_identified_set
21,CES_grid,reprocessed,flat_below,120.0,40,services,1.6,0.622,0.3,0.6,40.0,0.0,0.0021098039890823555,-0.08990886435424894,-0.08329483046439767,0.09671579025245514,-0.04021082725003122,4.375727738439691,3.4276533951110917,sensitivity_not_identified_set
21,CES_grid,reprocessed,flat_below,120.0,40,AGGREGATE,1.6,0.622,0.3,0.6,40.0,0.0,0.0021098039890823555,0.05351413470160438,0.06771655688320166,-0.059515401348797514,0.024930160092878628,3.980412417000715,3.1179897266505603,sensitivity_not_identified_set
21,CES_grid,reprocessed,flat_below,120.0,36,agriculture,1.6,0.622,0.3,0.6,40.0,0.0,0.0021098039890823555,3.8414071775025205,3.2461224553420376,-5.476889025402953,1.726169221322016,-2.1625523864969516,-1.693999369422612,sensitivity_not_identified_set
21,CES_grid,reprocessed,flat_below,120.0,36,industry,1.6,0.622,0.3,0.6,40.0,0.0,0.0021098039890823555,6.533270164530092,5.913640563031897,-6.948964548033243,3.383175565960056,-1.2341043866496295,-0.9667151028755431,sensitivity_not_identified_set
21,CES_grid,reprocessed,flat_below,120.0,36,services,1.6,0.622,0.3,0.6,40.0,0.0,0.0021098039890823555,4.97564073835175,4.606491621205944,-5.106641789988753,2.223096283376252,1.63321408932724,1.2793510366396712,sensitivity_not_identified_set
21,CES_grid,reprocessed,flat_below,120.0,36,AGGREGATE,1.6,0.622,0.3,0.6,40.0,0.0,0.0021098039890823555,5.24575823952691,4.823973730764464,-5.551101407436876,2.4230106821032384,0.7243339885524203,0.5673949576993959,sensitivity_not_identified_set
22,CES_grid,reprocessed,bilateral,120.0,40,agriculture,1.6,0.622,0.4,0.6,40.0,0.0,0.0021098039890823555,-1.1109839986568226,-0.935195040766712,1.6361954631481712,-0.5264056914923598,5.0772725355372526,3.9771968195041816,sensitivity_not_identified_set
22,CES_grid,reprocessed,bilateral,120.0,40,industry,1.6,0.622,0.4,0.6,40.0,0.0,0.0021098039890823555,0.8651901121102368,0.788400903429487,-0.9406418462527322,0.4286921459329074,2.5540127859598987,2.0006433490019204,sensitivity_not_identified_set
22,CES_grid,reprocessed,bilateral,120.0,40,services,1.6,0.622,0.4,0.6,40.0,0.0,0.0021098039890823555,-0.08986673184158134,-0.08389737701517408,0.09456383735206852,-0.037763831294129746,4.373115461189531,3.4256071112651334,sensitivity_not_identified_set
22,CES_grid,reprocessed,bilateral,120.0,40,AGGREGATE,1.6,0.622,0.4,0.6,40.0,0.0,0.0021098039890823555,0.050516599093608505,0.0666201365607133,-0.05483968029269537,0.020740556577586444,3.9862554121216967,3.1225667394953294,sensitivity_not_identified_set
22,CES_grid,reprocessed,bilateral,120.0,36,agriculture,1.6,0.622,0.4,0.6,40.0,0.0,0.0021098039890823555,5.357561969539892,4.489815855747237,-7.244895193846956,2.341345694441055,-4.42188368845222,-3.4638088892875722,sensitivity_not_identified_set
22,CES_grid,reprocessed,bilateral,120.0,36,industry,1.6,0.622,0.4,0.6,40.0,0.0,0.0021098039890823555,8.179441271150246,7.44588601864673,-8.313186678085248,4.001867263752734,-2.9915772991178446,-2.3434022176423115,sensitivity_not_identified_set
22,CES_grid,reprocessed,bilateral,120.0,36,services,1.6,0.622,0.4,0.6,40.0,0.0,0.0021098039890823555,6.628948576647331,6.187630502732033,-6.551336406195851,2.780468374581729,-0.2151078206948009,-0.16850112621092736,sensitivity_not_identified_set
22,CES_grid,reprocessed,bilateral,120.0,36,AGGREGATE,1.6,0.622,0.4,0.6,40.0,0.0,0.0021098039890823555,6.887700243598172,6.37493835087144,-7.002624386939827,2.9973182721175884,-1.1350829323887663,-0.8891482970378669,sensitivity_not_identified_set
22,CES_grid,reprocessed,flat_below,120.0,40,agriculture,1.6,0.622,0.4,0.6,40.0,0.0,0.0021098039890823555,-1.096660687574158,-0.9223644374909967,1.6083453811878812,-0.5189314651845023,5.0422622723447725,3.9497721133367385,sensitivity_not_identified_set
22,CES_grid,reprocessed,flat_below,120.0,40,industry,1.6,0.622,0.4,0.6,40.0,0.0,0.0021098039890823555,0.8571748208353158,0.7812838301833436,-0.9310406972682705,0.4239009797911586,2.5660688516572385,2.0100872671315035,sensitivity_not_identified_set
22,CES_grid,reprocessed,flat_below,120.0,40,services,1.6,0.622,0.4,0.6,40.0,0.0,0.0021098039890823555,-0.08690093970331603,-0.0811943893478273,0.09127175111331987,-0.03631155106968986,4.368992858307882,3.422377739007841,sensitivity_not_identified_set
22,CES_grid,reprocessed,flat_below,120.0,40,AGGREGATE,1.6,0.622,0.4,0.6,40.0,0.0,0.0021098039890823555,0.04999364215576563,0.06550918081118517,-0.05415969055593273,0.02137049085279563,3.9871778593531317,3.1232893231599537,sensitivity_not_identified_set
22,CES_grid,reprocessed,flat_below,120.0,36,agriculture,1.6,0.622,0.4,0.6,40.0,0.0,0.0021098039890823555,3.7136312100670033,3.1130384537499056,-5.109731737540535,1.6545116872802246,-1.693572208327114,-1.3266315631895726,sensitivity_not_identified_set
22,CES_grid,reprocessed,flat_below,120.0,36,industry,1.6,0.622,0.4,0.6,40.0,0.0,0.0021098039890823555,6.308917810636849,5.7458922405095425,-6.514206406396184,3.091849684694564,-0.671600964152709,-0.5260874219196221,sensitivity_not_identified_set
22,CES_grid,reprocessed,flat_below,120.0,36,services,1.6,0.622,0.4,0.6,40.0,0.0,0.0021098039890823555,4.8019151452880715,4.486170029448844,-4.816286082451915,2.004204902099133,2.0054654785915433,1.570947958230042,sensitivity_not_identified_set
22,CES_grid,reprocessed,flat_below,120.0,36,AGGREGATE,1.6,0.622,0.4,0.6,40.0,0.0,0.0021098039890823555,5.061813624347322,4.690555261223506,-5.223987746154302,2.20043943240173,1.1446629805924133,0.8966526681307238,sensitivity_not_identified_set
23,CES_grid,reprocessed,bilateral,120.0,40,agriculture,1.6,0.622,0.5,0.6,40.0,0.0,0.0021098039890823555,-1.081290452835837,-0.9047295985355586,1.544809253022561,-0.5081104774129264,4.961938513256797,3.886851835384491,sensitivity_not_identified_set
23,CES_grid,reprocessed,bilateral,120.0,40,industry,1.6,0.622,0.5,0.6,40.0,0.0,0.0021098039890823555,0.8403722409685788,0.7704884955158642,-0.8941513093321585,0.39889639975103086,2.612114118069358,2.04615605915433,sensitivity_not_identified_set
23,CES_grid,reprocessed,bilateral,120.0,40,services,1.6,0.622,0.5,0.6,40.0,0.0,0.0021098039890823555,-0.08726665254332744,-0.08214166274456147,0.09038499744316031,-0.034803025962654166,4.367943992600412,3.4215561275369892,sensitivity_not_identified_set
23,CES_grid,reprocessed,bilateral,120.0,40,AGGREGATE,1.6,0.622,0.5,0.6,40.0,0.0,0.0021098039890823555,0.047783836564541105,0.06483439158684323,-0.05095046285465976,0.018155181652895758,3.991171511606568,3.126417684091811,sensitivity_not_identified_set
23,CES_grid,reprocessed,bilateral,120.0,36,agriculture,1.6,0.622,0.5,0.6,40.0,0.0,0.0021098039890823555,5.205067213311421,4.337493626895816,-6.853730949838677,2.265437368340062,-3.922239862510562,-3.0724212256332732,sensitivity_not_identified_set
23,CES_grid,reprocessed,bilateral,120.0,36,industry,1.6,0.622,0.5,0.6,40.0,0.0,0.0021098039890823555,7.929998126181981,7.268197762741058,-7.90011099852056,3.7225770375770684,-2.457057126753778,-1.9246947492904591,sensitivity_not_identified_set
23,CES_grid,reprocessed,bilateral,120.0,36,services,1.6,0.622,0.5,0.6,40.0,0.0,0.0021098039890823555,6.425961982783512,6.051927911698285,-6.258518746335473,2.5577884408044813,0.16032107496950515,0.1255848420594457,sensitivity_not_identified_set
23,CES_grid,reprocessed,bilateral,120.0,36,AGGREGATE,1.6,0.622,0.5,0.6,40.0,0.0,0.0021098039890823555,6.676451692692464,6.226883373769021,-6.67702801649196,2.7741638779006426,-0.7167289680099772,-0.5614376916078155,sensitivity_not_identified_set
23,CES_grid,reprocessed,flat_below,120.0,40,agriculture,1.6,0.622,0.5,0.6,40.0,0.0,0.0021098039890823555,-1.0670366378381368,-0.8921156859897361,1.5180923522092327,-0.5008576160031253,4.928358759433811,3.860547694889819,sensitivity_not_identified_set
23,CES_grid,reprocessed,flat_below,120.0,40,industry,1.6,0.622,0.5,0.6,40.0,0.0,0.0021098039890823555,0.8324723346991636,0.7634862092985362,-0.8849980211286246,0.39440126551481547,2.6236108388303863,2.055161823750469,sensitivity_not_identified_set
23,CES_grid,reprocessed,flat_below,120.0,40,services,1.6,0.622,0.5,0.6,40.0,0.0,0.0021098039890823555,-0.08435950602236897,-0.07948376289126369,0.08723618809884925,-0.03345547367539781,4.36399852232573,3.4184655091551543,sensitivity_not_identified_set
23,CES_grid,reprocessed,flat_below,120.0,40,AGGREGATE,1.6,0.622,0.5,0.6,40.0,0.0,0.0021098039890823555,0.04727246546250008,0.06373308837939184,-0.050313633532705904,0.01875361883140192,3.992036152027427,3.127094985754818,sensitivity_not_identified_set
23,CES_grid,reprocessed,flat_below,120.0,36,agriculture,1.6,0.622,0.5,0.6,40.0,0.0,0.0021098039890823555,3.608466733439819,3.00779497521777,-4.83012371017052,1.5997870320256347,-1.3364206438698865,-1.046862837698078,sensitivity_not_identified_set
23,CES_grid,reprocessed,flat_below,120.0,36,industry,1.6,0.622,0.5,0.6,40.0,0.0,0.0021098039890823555,6.118537565961235,5.610073412071004,-6.190650924403918,2.8757935073452643,-0.25299677389238145,-0.1981808062156988,sensitivity_not_identified_set
23,CES_grid,reprocessed,flat_below,120.0,36,services,1.6,0.622,0.5,0.6,40.0,0.0,0.0021098039890823555,4.655507410277715,4.388342670292622,-4.601555431276616,1.8439660757740062,2.2807471787060756,1.7865852899864259,sensitivity_not_identified_set
23,CES_grid,reprocessed,flat_below,120.0,36,AGGREGATE,1.6,0.622,0.5,0.6,40.0,0.0,0.0021098039890823555,4.90710225101143,4.582326750647292,-4.9809844532391345,2.036763260091834,1.4568970515348776,1.141236023702321,sensitivity_not_identified_set
24,CES_grid,reprocessed,bilateral,120.0,40,agriculture,1.6,0.7,0.3,0.6,40.0,0.0,0.0021098039890823555,-1.2461695546633456,-1.0894068055924522,2.1584812243405693,-0.6302779148866677,5.736472798302559,4.493570358670339,sensitivity_not_identified_set
24,CES_grid,reprocessed,bilateral,120.0,40,industry,1.6,0.7,0.3,0.6,40.0,0.0,0.0021098039890823555,0.9673746705985975,0.8737968487828374,-1.2229107094854141,0.6122671697006421,2.2013595079587533,1.7243982812343566,sensitivity_not_identified_set
24,CES_grid,reprocessed,bilateral,120.0,40,services,1.6,0.7,0.3,0.6,40.0,0.0,0.0021098039890823555,-0.10073833533220666,-0.09217996472149492,0.12033617348259362,-0.05658879632021163,4.404978531997955,3.450566516731732,sensitivity_not_identified_set
24,CES_grid,reprocessed,bilateral,120.0,40,AGGREGATE,1.6,0.7,0.3,0.6,40.0,0.0,0.0021098039890823555,0.06507112042573038,0.07530474486849847,-0.0807004418278856,0.03691996211667714,3.9535654910383538,3.0969596346467103,sensitivity_not_identified_set
24,CES_grid,reprocessed,bilateral,120.0,36,agriculture,1.6,0.7,0.3,0.6,40.0,0.0,0.0021098039890823555,6.057849226795176,5.267406488367632,-9.450116704934086,2.766554658194331,-7.238654835051757,-5.670279620790542,sensitivity_not_identified_set
24,CES_grid,reprocessed,bilateral,120.0,36,industry,1.6,0.7,0.3,0.6,40.0,0.0,0.0021098039890823555,9.218664201330263,8.29872259400959,-10.814394894606439,5.699664710427737,-6.228345944373215,-4.878870989759019,sensitivity_not_identified_set
24,CES_grid,reprocessed,bilateral,120.0,36,services,1.6,0.7,0.3,0.6,40.0,0.0,0.0021098039890823555,7.48550059545694,6.83156737056585,-8.369931050229262,4.193732293519043,-2.546998425975383,-1.99514876701405,sensitivity_not_identified_set
24,CES_grid,reprocessed,bilateral,120.0,36,AGGREGATE,1.6,0.7,0.3,0.6,40.0,0.0,0.0021098039890823555,7.7858341329435365,7.0816485967845955,-8.994608656686598,4.394002505129125,-3.694760300370098,-2.8942289019565766,sensitivity_not_identified_set
24,CES_grid,reprocessed,flat_below,120.0,40,agriculture,1.6,0.7,0.3,0.6,40.0,0.0,0.0021098039890823555,-1.2316595323214163,-1.075689006426428,2.1249127006476964,-0.6216858714632179,5.694243747219799,4.460490935322176,sensitivity_not_identified_set
24,CES_grid,reprocessed,flat_below,120.0,40,industry,1.6,0.7,0.3,0.6,40.0,0.0,0.0021098039890823555,0.958973993861334,0.8661626157205893,-1.2106964585834934,0.6057383192207166,2.2166787253147815,1.7363983348299121,sensitivity_not_identified_set
24,CES_grid,reprocessed,flat_below,120.0,40,services,1.6,0.7,0.3,0.6,40.0,0.0,0.0021098039890823555,-0.09755352632073722,-0.08927094222257459,0.11617671680717034,-0.054489044383193574,4.3997843466278885,3.446497738191846,sensitivity_not_identified_set
24,CES_grid,reprocessed,flat_below,120.0,40,AGGREGATE,1.6,0.7,0.3,0.6,40.0,0.0,0.0021098039890823555,0.06448067044306782,0.07415968470827483,-0.07972648759416723,0.03774457344548621,3.9548794649268046,3.0979889141926638,sensitivity_not_identified_set
24,CES_grid,reprocessed,flat_below,120.0,36,agriculture,1.6,0.7,0.3,0.6,40.0,0.0,0.0021098039890823555,4.196007066158258,3.6499002774462497,-6.693750964333034,1.962495121420016,-3.716877536652232,-2.911554070377582,sensitivity_not_identified_set
24,CES_grid,reprocessed,flat_below,120.0,36,industry,1.6,0.7,0.3,0.6,40.0,0.0,0.0021098039890823555,7.1004216317546165,6.3969066393795515,-8.476592955697704,4.411445156761312,-3.210720534374926,-2.5150644185936923,sensitivity_not_identified_set
24,CES_grid,reprocessed,flat_below,120.0,36,services,1.6,0.7,0.3,0.6,40.0,0.0,0.0021098039890823555,5.419714604621673,4.950046740558722,-6.149004197810271,3.023666037889633,0.2967568435395692,0.2324595274393292,sensitivity_not_identified_set
24,CES_grid,reprocessed,flat_below,120.0,36,AGGREGATE,1.6,0.7,0.3,0.6,40.0,0.0,0.0021098039890823555,5.719780840089017,5.206714785056188,-6.711122347667664,3.227466354360431,-0.7663368892686835,-0.6002972299271353,sensitivity_not_identified_set
25,CES_grid,reprocessed,bilateral,120.0,40,agriculture,1.6,0.7,0.4,0.6,40.0,0.0,0.0021098039890823555,-1.2182280470386053,-1.055204913281138,2.0331873310368342,-0.605447570969242,5.578327560426988,4.369689922334475,sensitivity_not_identified_set
25,CES_grid,reprocessed,bilateral,120.0,40,industry,1.6,0.7,0.4,0.6,40.0,0.0,0.0021098039890823555,0.9481042083719471,0.8555809977198292,-1.1524067010267758,0.5661096196423021,2.28943135441209,1.7933878942894703,sensitivity_not_identified_set
25,CES_grid,reprocessed,bilateral,120.0,40,services,1.6,0.7,0.4,0.6,40.0,0.0,0.0021098039890823555,-0.09867321444335664,-0.09042525318595507,0.11382317323476165,-0.05176705726206987,4.396929883674164,3.444261742211429,sensitivity_not_identified_set
25,CES_grid,reprocessed,bilateral,120.0,40,AGGREGATE,1.6,0.7,0.4,0.6,40.0,0.0,0.0021098039890823555,0.06178570586858889,0.07342849452336431,-0.07394159738636219,0.03281800758541675,3.9621092471461923,3.1036522435978506,sensitivity_not_identified_set
25,CES_grid,reprocessed,bilateral,120.0,36,agriculture,1.6,0.7,0.4,0.6,40.0,0.0,0.0021098039890823555,5.912349392509508,5.09399718850454,-8.925723122288886,2.665779534667956,-6.568837079213596,-5.145589045383984,sensitivity_not_identified_set
25,CES_grid,reprocessed,bilateral,120.0,36,industry,1.6,0.7,0.4,0.6,40.0,0.0,0.0021098039890823555,9.020931626306549,8.116005928290203,-10.192037058732007,5.277408544488854,-5.422953269654455,-4.247980061229323,sensitivity_not_identified_set
25,CES_grid,reprocessed,bilateral,120.0,36,services,1.6,0.7,0.4,0.6,40.0,0.0,0.0021098039890823555,7.321649511612294,6.694625595751402,-7.909170691183853,3.833070597127486,-1.9561475598864866,-1.532315588577748,sensitivity_not_identified_set
25,CES_grid,reprocessed,bilateral,120.0,36,AGGREGATE,1.6,0.7,0.4,0.6,40.0,0.0,0.0021098039890823555,7.612536097629419,6.930796572974218,-8.49465559825594,4.0404141938462645,-3.052298015658027,-2.390966778932121,sensitivity_not_identified_set
25,CES_grid,reprocessed,flat_below,120.0,40,agriculture,1.6,0.7,0.4,0.6,40.0,0.0,0.0021098039890823555,-1.203739988300223,-1.041653629992989,2.0008731006521785,-0.5971007346834534,5.537681881877882,4.337850807471008,sensitivity_not_identified_set
25,CES_grid,reprocessed,flat_below,120.0,40,industry,1.6,0.7,0.4,0.6,40.0,0.0,0.0021098039890823555,0.9397649015013609,0.8480529068365161,-1.1408270925194697,0.560003600491904,2.303958079325158,1.8047671621380408,sensitivity_not_identified_set
25,CES_grid,reprocessed,flat_below,120.0,40,services,1.6,0.7,0.4,0.6,40.0,0.0,0.0021098039890823555,-0.09552645745446453,-0.08755896115151263,0.10987984741608336,-0.049829936001899444,4.392002642663266,3.440402070086226,sensitivity_not_identified_set
25,CES_grid,reprocessed,flat_below,120.0,40,AGGREGATE,1.6,0.7,0.4,0.6,40.0,0.0,0.0021098039890823555,0.06121218817671803,0.07228903105933604,-0.0730453063433445,0.0335936217957189,3.9633200578051877,3.1046007119473975,sensitivity_not_identified_set
25,CES_grid,reprocessed,flat_below,120.0,36,agriculture,1.6,0.7,0.4,0.6,40.0,0.0,0.0021098039890823555,4.095851856930155,3.530232775922726,-6.315891541584295,1.8892823833141947,-3.2342290981828357,-2.533479460243221,sensitivity_not_identified_set
25,CES_grid,reprocessed,flat_below,120.0,36,industry,1.6,0.7,0.4,0.6,40.0,0.0,0.0021098039890823555,6.95006931540727,6.257549719410238,-7.987501203340209,4.082056316603761,-2.5778655340689722,-2.0193280016873616,sensitivity_not_identified_set
25,CES_grid,reprocessed,flat_below,120.0,36,services,1.6,0.7,0.4,0.6,40.0,0.0,0.0021098039890823555,5.301551356248302,4.851443300280223,-5.81125982056715,2.7628873927477873,0.7298157173777932,0.5716889786126046,sensitivity_not_identified_set
25,CES_grid,reprocessed,flat_below,120.0,36,AGGREGATE,1.6,0.7,0.4,0.6,40.0,0.0,0.0021098039890823555,5.592808079736011,5.096598945075725,-6.337604624215176,2.9668461314571237,-0.2863359367746338,-0.22429648380679648,sensitivity_not_identified_set
26,CES_grid,reprocessed,bilateral,120.0,40,agriculture,1.6,0.7,0.5,0.6,40.0,0.0,0.0021098039890823555,-1.1949224334412034,-1.027669105961837,1.9364704238460595,-0.5862485181932664,5.456254287404422,4.274065858466797,sensitivity_not_identified_set
26,CES_grid,reprocessed,bilateral,120.0,40,industry,1.6,0.7,0.5,0.6,40.0,0.0,0.0021098039890823555,0.9311958114039953,0.8406246523779082,-1.0992463779214812,0.5314222616518871,2.3558426497311697,1.8454100756227498,sensitivity_not_identified_set
26,CES_grid,reprocessed,bilateral,120.0,40,services,1.6,0.7,0.5,0.6,40.0,0.0,0.0021098039890823555,-0.09686508050025244,-0.08897966607287477,0.10894922733308832,-0.04818436992284347,4.390905334478753,3.439542512008356,sensitivity_not_identified_set
26,CES_grid,reprocessed,bilateral,120.0,40,AGGREGATE,1.6,0.7,0.5,0.6,40.0,0.0,0.0021098039890823555,0.059151561272630104,0.07189759439130139,-0.0689620114149525,0.029746840071365188,3.9684037908921437,3.1085829695321796,sensitivity_not_identified_set
26,CES_grid,reprocessed,bilateral,120.0,36,agriculture,1.6,0.7,0.5,0.6,40.0,0.0,0.0021098039890823555,5.791277438695097,4.954781578505574,-8.518955095025206,2.5874898487855624,-6.049264377238952,-4.738590428837179,sensitivity_not_identified_set
26,CES_grid,reprocessed,bilateral,120.0,36,industry,1.6,0.7,0.5,0.6,40.0,0.0,0.0021098039890823555,8.848180278136164,7.966308571453595,-9.721381935939489,4.957806399860804,-4.813876821576836,-3.7708701769018553,sensitivity_not_identified_set
26,CES_grid,reprocessed,bilateral,120.0,36,services,1.6,0.7,0.5,0.6,40.0,0.0,0.0021098039890823555,7.178686622484176,6.582019290672503,-7.564643491744127,3.564281122366758,-1.5143596639784869,-1.1862484034498146,sensitivity_not_identified_set
26,CES_grid,reprocessed,bilateral,120.0,36,AGGREGATE,1.6,0.7,0.5,0.6,40.0,0.0,0.0021098039890823555,7.462105645235351,6.80697521943967,-8.118749499927757,3.77564989503153,-2.5692475879805627,-2.0125772772514408,sensitivity_not_identified_set
26,CES_grid,reprocessed,flat_below,120.0,40,agriculture,1.6,0.7,0.5,0.6,40.0,0.0,0.0021098039890823555,-1.180459119273014,-1.0142644216989405,1.905175056353392,-0.5781008283256228,5.416894788328925,4.243234250857658,sensitivity_not_identified_set
26,CES_grid,reprocessed,flat_below,120.0,40,industry,1.6,0.7,0.5,0.6,40.0,0.0,0.0021098039890823555,0.9229147235552126,0.8331854031338182,-1.0881533964394619,0.5256401493278995,2.369761701664114,1.8563133329702226,sensitivity_not_identified_set
26,CES_grid,reprocessed,flat_below,120.0,40,services,1.6,0.7,0.5,0.6,40.0,0.0,0.0021098039890823555,-0.09375307227974528,-0.08614894813512297,0.10516903437058911,-0.04636943783471459,4.386179610922152,3.4358406952223524,sensitivity_not_identified_set
26,CES_grid,reprocessed,flat_below,120.0,40,AGGREGATE,1.6,0.7,0.5,0.6,40.0,0.0,0.0021098039890823555,0.058590713345507694,0.0707634128896073,-0.06812267520250881,0.030485785468836735,3.9695388512982226,3.1094721001836074,sensitivity_not_identified_set
26,CES_grid,reprocessed,flat_below,120.0,36,agriculture,1.6,0.7,0.5,0.6,40.0,0.0,0.0021098039890823555,4.012486069418464,3.4341381641582513,-6.023298048126269,1.8324994839836517,-2.860492519474143,-2.2407191402547455,sensitivity_not_identified_set
26,CES_grid,reprocessed,flat_below,120.0,36,industry,1.6,0.7,0.5,0.6,40.0,0.0,0.0021098039890823555,6.818605068002626,6.143327655146091,-7.618057509180254,3.833320871955692,-2.0998327286900555,-1.6448689708072104,sensitivity_not_identified_set
26,CES_grid,reprocessed,flat_below,120.0,36,services,1.6,0.7,0.5,0.6,40.0,0.0,0.0021098039890823555,5.198438421111584,4.770343702306912,-5.558812648501899,2.5688540647805014,1.0534961699383725,0.8252386664517251,sensitivity_not_identified_set
26,CES_grid,reprocessed,flat_below,120.0,36,AGGREGATE,1.6,0.7,0.5,0.6,40.0,0.0,0.0021098039890823555,5.482590788142039,5.0061893589713025,-6.056935197766422,2.7720078605260543,0.0743414998875635,0.05823417491192475,sensitivity_not_identified_set
27,efficiency_elasticity,reprocessed,bilateral,120.0,40,agriculture,1.326,0.622,0.4,0.4,40.0,0.0,0.003164705983623533,-3.213023775108592,-2.89504164584633,4.657005158778871,-1.2520726754017275,8.88086403530451,6.956676827655199,sensitivity_not_identified_set
27,efficiency_elasticity,reprocessed,bilateral,120.0,40,industry,1.326,0.622,0.4,0.4,40.0,0.0,0.003164705983623533,-0.257851025665079,-0.24695739809130757,0.26894286280401136,-0.07847279067122459,4.076907827841717,3.193577798476012,sensitivity_not_identified_set
27,efficiency_elasticity,reprocessed,bilateral,120.0,40,services,1.326,0.622,0.4,0.4,40.0,0.0,0.003164705983623533,-1.2919036208766776,-1.260982016432699,1.3248882886400137,-0.2978498129107998,5.929399978695287,4.644696649977974,sensitivity_not_identified_set
27,efficiency_elasticity,reprocessed,bilateral,120.0,40,AGGREGATE,1.326,0.622,0.4,0.4,40.0,0.0,0.003164705983623533,-1.2102651806061515,-1.1247740518777083,1.2773100519426928,-0.3252092177370103,5.6683401004799245,4.440199745375941,sensitivity_not_identified_set
27,efficiency_elasticity,reprocessed,bilateral,120.0,36,agriculture,1.326,0.622,0.4,0.4,40.0,0.0,0.003164705983623533,3.520123537651365,3.1621827237269695,-4.702638868408493,1.2762482827296306,-1.1724650206948843,-0.9184309328776594,sensitivity_not_identified_set
27,efficiency_elasticity,reprocessed,bilateral,120.0,36,industry,1.326,0.622,0.4,0.4,40.0,0.0,0.003164705983623533,7.124779702800144,6.822186878468894,-6.93000032953659,2.145061227577644,-1.1780817968141035,-0.9228307408377144,sensitivity_not_identified_set
27,efficiency_elasticity,reprocessed,bilateral,120.0,36,services,1.326,0.622,0.4,0.4,40.0,0.0,0.003164705983623533,5.5239221719568965,5.3944795358544795,-5.302186989933466,1.2628738725322775,1.3904941736233711,1.089220436004974,sensitivity_not_identified_set
27,efficiency_elasticity,reprocessed,bilateral,120.0,36,AGGREGATE,1.326,0.622,0.4,0.4,40.0,0.0,0.003164705983623533,5.730748415528142,5.588819459024141,-5.649118148601751,1.444538053619654,0.6109980773536057,0.4786151605936578,sensitivity_not_identified_set
27,efficiency_elasticity,reprocessed,flat_below,120.0,40,agriculture,1.326,0.622,0.4,0.4,40.0,0.0,0.003164705983623533,-3.160327891506931,-2.846200528174536,4.560058058805994,-1.2274797258123638,8.758891254805983,6.861131482931353,sensitivity_not_identified_set
27,efficiency_elasticity,reprocessed,flat_below,120.0,40,industry,1.326,0.622,0.4,0.4,40.0,0.0,0.003164705983623533,-0.25474675403426295,-0.24404708696038613,0.2655126702027166,-0.07726721460660224,4.072579404169494,3.1901871999327693,sensitivity_not_identified_set
27,efficiency_elasticity,reprocessed,flat_below,120.0,40,services,1.326,0.622,0.4,0.4,40.0,0.0,0.003164705983623533,-1.235586348303963,-1.20696167278187,1.2652347897726957,-0.28184809243127495,5.854129330034833,4.585734641860619,sensitivity_not_identified_set
27,efficiency_elasticity,reprocessed,flat_below,120.0,40,AGGREGATE,1.326,0.622,0.4,0.4,40.0,0.0,0.003164705983623533,-1.168781634088023,-1.086109516020617,1.2312648651298108,-0.31158660927164683,5.610332381182234,4.394760365259416,sensitivity_not_identified_set
27,efficiency_elasticity,reprocessed,flat_below,120.0,36,agriculture,1.326,0.622,0.4,0.4,40.0,0.0,0.003164705983623533,1.2763848698479574,1.1472111815630237,-1.7446475770418246,0.47268774729362084,2.6066956555845593,2.041911596874572,sensitivity_not_identified_set
27,efficiency_elasticity,reprocessed,flat_below,120.0,36,industry,1.326,0.622,0.4,0.4,40.0,0.0,0.003164705983623533,4.62462126679466,4.429684828796576,-4.600029236754288,1.3928285238358151,1.8156516635942057,1.4222604698154608,sensitivity_not_identified_set
27,efficiency_elasticity,reprocessed,flat_below,120.0,36,services,1.326,0.622,0.4,0.4,40.0,0.0,0.003164705983623533,3.129615875217029,3.0581905572531154,-3.0701439656720675,0.7099269264474517,4.2438712815865935,3.3243658372428313,sensitivity_not_identified_set
27,efficiency_elasticity,reprocessed,flat_below,120.0,36,AGGREGATE,1.326,0.622,0.4,0.4,40.0,0.0,0.003164705983623533,3.3197904616951712,3.2549349469570776,-3.344475203057773,0.8317980644856282,3.5602152865728356,2.788835307815388,sensitivity_not_identified_set
28,efficiency_elasticity,reprocessed,bilateral,120.0,40,agriculture,1.326,0.622,0.4,0.6,40.0,0.0,0.0021098039890823555,-1.0442220341062458,-0.9402522509767364,1.4775450711026261,-0.39823511911639686,4.884050874305689,3.8258398515394565,sensitivity_not_identified_set
28,efficiency_elasticity,reprocessed,bilateral,120.0,40,industry,1.326,0.622,0.4,0.6,40.0,0.0,0.0021098039890823555,0.782498412142929,0.7492245823685684,-0.8084571603018675,0.23855376793645577,2.7147921914165827,2.1265872166096567,sensitivity_not_identified_set
28,efficiency_elasticity,reprocessed,bilateral,120.0,40,services,1.326,0.622,0.4,0.6,40.0,0.0,0.0021098039890823555,-0.08116703579759132,-0.07921796730080422,0.08225592818169591,-0.01872715247934198,4.358452646024524,3.4141212393858775,sensitivity_not_identified_set
28,efficiency_elasticity,reprocessed,bilateral,120.0,40,AGGREGATE,1.326,0.622,0.4,0.6,40.0,0.0,0.0021098039890823555,0.039556015344643924,0.060286366480988285,-0.04123751615209281,0.005210060082427859,4.003372870569502,3.1359754152794435,sensitivity_not_identified_set
28,efficiency_elasticity,reprocessed,bilateral,120.0,36,agriculture,1.326,0.622,0.4,0.6,40.0,0.0,0.0021098039890823555,5.04539027433768,4.530853320199357,-6.638928020786949,1.8033975504565314,-3.646294793551482,-2.8562642549486608,sensitivity_not_identified_set
28,efficiency_elasticity,reprocessed,bilateral,120.0,36,industry,1.326,0.622,0.4,0.6,40.0,0.0,0.0021098039890823555,7.393260929032919,7.077372585412456,-7.178490004978222,2.232186000117159,-1.4975391265513869,-1.1730723157985865,sensitivity_not_identified_set
28,efficiency_elasticity,reprocessed,bilateral,120.0,36,services,1.326,0.622,0.4,0.6,40.0,0.0,0.0021098039890823555,5.981632567935113,5.840673292971754,-5.718144880062315,1.3698921834368605,0.8587168254160215,0.6726615132425502,sensitivity_not_identified_set
28,efficiency_elasticity,reprocessed,bilateral,120.0,36,AGGREGATE,1.326,0.622,0.4,0.6,40.0,0.0,0.0021098039890823555,6.231055530749807,6.046269782500002,-6.11527420881024,1.5793076643936255,0.014748558819513907,0.011553037741952562,sensitivity_not_identified_set
28,efficiency_elasticity,reprocessed,flat_below,120.0,40,agriculture,1.326,0.622,0.4,0.6,40.0,0.0,0.0021098039890823555,-1.0317737910233826,-0.9287628613995125,1.4561112834384327,-0.3927550594943985,4.857086634915956,3.8047178640174986,sensitivity_not_identified_set
28,efficiency_elasticity,reprocessed,flat_below,120.0,40,industry,1.326,0.622,0.4,0.6,40.0,0.0,0.0021098039890823555,0.7755094341878932,0.7426505339228839,-0.800944238824064,0.2359370867873134,2.724273500513007,2.134014242068522,sensitivity_not_identified_set
28,efficiency_elasticity,reprocessed,flat_below,120.0,40,services,1.326,0.622,0.4,0.6,40.0,0.0,0.0021098039890823555,-0.07855581015002722,-0.07670558270231886,0.07956203412886609,-0.01801001586325124,4.3550531642226415,3.4114583119744024,sensitivity_not_identified_set
28,efficiency_elasticity,reprocessed,flat_below,120.0,40,AGGREGATE,1.326,0.622,0.4,0.6,40.0,0.0,0.0021098039890823555,0.03898850049710578,0.059189944840354336,-0.04060891824269053,0.005605302427524883,4.004209267398256,3.1366305927953,sensitivity_not_identified_set
28,efficiency_elasticity,reprocessed,flat_below,120.0,36,agriculture,1.326,0.622,0.4,0.6,40.0,0.0,0.0021098039890823555,3.4991364390040802,3.143463244407152,-4.677059180273336,1.2691630666607612,-1.1397834047504607,-0.8928303337211941,sensitivity_not_identified_set
28,efficiency_elasticity,reprocessed,flat_below,120.0,36,industry,1.326,0.622,0.4,0.6,40.0,0.0,0.0021098039890823555,5.7052314174019125,5.462610870413198,-5.623487553523098,1.723320936583389,0.5006313988064803,0.39216126239840965,sensitivity_not_identified_set
28,efficiency_elasticity,reprocessed,flat_below,120.0,36,services,1.326,0.622,0.4,0.6,40.0,0.0,0.0021098039890823555,4.337944308430419,4.2372427403037705,-4.209100621971562,0.9890635662197833,2.7878876942929796,2.1838453605295003,sensitivity_not_identified_set
28,efficiency_elasticity,reprocessed,flat_below,120.0,36,AGGREGATE,1.326,0.622,0.4,0.6,40.0,0.0,0.0021098039890823555,4.581772283326591,4.4504982874278065,-4.563708819545331,1.160639684109499,2.000322780907424,1.5669195117108154,sensitivity_not_identified_set
29,efficiency_elasticity,reprocessed,bilateral,120.0,40,agriculture,1.326,0.622,0.4,0.8,40.0,0.0,0.0010549019945411775,1.870273053680771,1.6826885099091138,-2.5650363457414005,0.6932269263745683,-0.19750293707997899,-0.15471063404598354,sensitivity_not_identified_set
29,efficiency_elasticity,reprocessed,bilateral,120.0,40,industry,1.326,0.622,0.4,0.8,40.0,0.0,0.0010549019945411775,2.031095617449896,1.9440029595847896,-2.0752146914886582,0.6207159290485931,1.113665669455652,0.8723714410735941,sensitivity_not_identified_set
29,efficiency_elasticity,reprocessed,bilateral,120.0,40,services,1.326,0.622,0.4,0.8,40.0,0.0,0.0010549019945411775,1.475622075045857,1.4398305093148211,-1.4733337269274838,0.3414665097969338,2.3924401624730094,1.8740781272705243,sensitivity_not_identified_set
29,efficiency_elasticity,reprocessed,bilateral,120.0,40,AGGREGATE,1.326,0.622,0.4,0.8,40.0,0.0,0.0010549019945411775,1.6359202247016036,1.5710167399375585,-1.6795386699922976,0.4252961134150468,1.9352117571949343,1.5159158764693652,sensitivity_not_identified_set
29,efficiency_elasticity,reprocessed,bilateral,120.0,36,agriculture,1.326,0.622,0.4,0.8,40.0,0.0,0.0010549019945411775,7.328231491323489,6.577739725107201,-9.429719009276438,2.5644419750691982,-7.211855527058566,-5.64928682952921,sensitivity_not_identified_set
29,efficiency_elasticity,reprocessed,bilateral,120.0,36,industry,1.326,0.622,0.4,0.8,40.0,0.0,0.0010549019945411775,7.8703461863956825,7.531408922428029,-7.615632475244071,2.384615677403179,-2.059506911744154,-1.6132804141995871,sensitivity_not_identified_set
29,efficiency_elasticity,reprocessed,bilateral,120.0,36,services,1.326,0.622,0.4,0.8,40.0,0.0,0.0010549019945411775,6.7925462137222725,6.630425025689535,-6.447453537086534,1.5617820586534048,-0.0736927540057758,-0.05772599063785771,sensitivity_not_identified_set
29,efficiency_elasticity,reprocessed,bilateral,120.0,36,AGGREGATE,1.326,0.622,0.4,0.8,40.0,0.0,0.0010549019945411775,7.083743783379992,6.834511495243145,-6.900509032305758,1.8062306256847238,-0.98968770714447,-0.7752553705965014,sensitivity_not_identified_set
29,efficiency_elasticity,reprocessed,flat_below,120.0,40,agriculture,1.326,0.622,0.4,0.8,40.0,0.0,0.0010549019945411775,1.8579308996614863,1.671351042461744,-2.545487629743215,0.6881843759387718,-0.1729125616086322,-0.1354481732600952,sensitivity_not_identified_set
29,efficiency_elasticity,reprocessed,flat_below,120.0,40,industry,1.326,0.622,0.4,0.8,40.0,0.0,0.0010549019945411775,2.020768018835395,1.934254566341309,-2.0644647145179107,0.6170037702408648,1.127233574559974,0.8829996334053128,sensitivity_not_identified_set
29,efficiency_elasticity,reprocessed,flat_below,120.0,40,services,1.326,0.622,0.4,0.8,40.0,0.0,0.0010549019945411775,1.4489297710505333,1.414071584943466,-1.44669039203017,0.3343841871304487,2.426062899760784,1.9004159381459476,sensitivity_not_identified_set
29,efficiency_elasticity,reprocessed,flat_below,120.0,40,AGGREGATE,1.326,0.622,0.4,0.8,40.0,0.0,0.0010549019945411775,1.6131702091483957,1.548966312005251,-1.6558266060560212,0.4190584337050718,1.9651432368282733,1.5393622021821476,sensitivity_not_identified_set
29,efficiency_elasticity,reprocessed,flat_below,120.0,36,agriculture,1.326,0.622,0.4,0.8,40.0,0.0,0.0010549019945411775,6.516669954276089,5.850452281992258,-8.454017608726383,2.2980347281770674,-5.965281347720278,-4.672803722380885,sensitivity_not_identified_set
29,efficiency_elasticity,reprocessed,flat_below,120.0,36,industry,1.326,0.622,0.4,0.8,40.0,0.0,0.0010549019945411775,7.011340493785179,6.710043528939957,-6.836288523237444,2.125153927637702,-1.05793775400592,-0.8287179073046373,sensitivity_not_identified_set
29,efficiency_elasticity,reprocessed,flat_below,120.0,36,services,1.326,0.622,0.4,0.8,40.0,0.0,0.0010549019945411775,5.933151674992576,5.79238063284202,-5.675477222321268,1.3618083209362475,0.9132460171877075,0.7153760467970376,sensitivity_not_identified_set
29,efficiency_elasticity,reprocessed,flat_below,120.0,36,AGGREGATE,1.326,0.622,0.4,0.8,40.0,0.0,0.0010549019945411775,6.226540609815201,6.005656628935374,-6.111982618763056,1.5890427977693133,0.0194469805036705,0.01523346806120856,sensitivity_not_identified_set
30,efficiency_peak,reprocessed,bilateral,120.0,40,agriculture,1.326,0.622,0.4,0.6,38.0,0.0,0.0011155514023328946,0.5523389947687418,0.49700255764828505,-0.7667179200557483,0.20709519583635982,2.062974487346241,1.6159966817545552,sensitivity_not_identified_set
30,efficiency_peak,reprocessed,bilateral,120.0,40,industry,1.326,0.622,0.4,0.6,38.0,0.0,0.0011155514023328946,1.260770439379355,1.2072709887413824,-1.2961839275084985,0.3835404860960734,2.09823756765328,1.6436194279950693,sensitivity_not_identified_set
30,efficiency_peak,reprocessed,bilateral,120.0,40,services,1.326,0.622,0.4,0.6,38.0,0.0,0.0011155514023328946,0.6793223228173328,0.6632453629831447,-0.6830295426799693,0.15595663363884849,3.3911197319899244,2.656377123392107,sensitivity_not_identified_set
30,efficiency_peak,reprocessed,bilateral,120.0,40,AGGREGATE,1.326,0.622,0.4,0.6,38.0,0.0,0.0011155514023328946,0.8025837350116083,0.7783487470738093,-0.8299131290378292,0.2064341727237018,3.007889643307811,2.356180220591119,sensitivity_not_identified_set
30,efficiency_peak,reprocessed,bilateral,120.0,36,agriculture,1.326,0.622,0.4,0.6,38.0,0.0,0.0011155514023328946,5.173361264530918,4.645671281001107,-6.7990326853194505,1.846996033491155,-3.8508466092296154,-3.0164965105631985,sensitivity_not_identified_set
30,efficiency_peak,reprocessed,bilateral,120.0,36,industry,1.326,0.622,0.4,0.6,38.0,0.0,0.0011155514023328946,6.230758962798055,5.96541514798159,-6.1125694776641755,1.8817392985802095,-0.12779358783222844,-0.1001049771352456,sensitivity_not_identified_set
30,efficiency_peak,reprocessed,bilateral,120.0,36,services,1.326,0.622,0.4,0.6,38.0,0.0,0.0011155514023328946,5.1908583415006815,5.069809268942138,-4.997262393837776,1.1850560995303017,1.780319434846514,1.3945835572964358,sensitivity_not_identified_set
30,efficiency_peak,reprocessed,bilateral,120.0,36,AGGREGATE,1.326,0.622,0.4,0.6,38.0,0.0,0.0011155514023328946,5.427857193791974,5.24950428748987,-5.364981118481193,1.3778624258946548,0.9754076631265068,0.7640693361157638,sensitivity_not_identified_set
30,efficiency_peak,reprocessed,flat_below,120.0,40,agriculture,1.326,0.622,0.4,0.6,38.0,0.0,0.0011155514023328946,0.5498344278498823,0.49474140287795176,-0.7631620410230244,0.20614254295818757,2.0674447987849884,1.6194984257149079,sensitivity_not_identified_set
30,efficiency_peak,reprocessed,flat_below,120.0,40,industry,1.326,0.622,0.4,0.6,38.0,0.0,0.0011155514023328946,1.256290951832284,1.202928075812748,-1.2917913827955152,0.3824025907829154,2.103797397708244,1.647974628204791,sensitivity_not_identified_set
30,efficiency_peak,reprocessed,flat_below,120.0,40,services,1.326,0.622,0.4,0.6,38.0,0.0,0.0011155514023328946,0.6701204127830263,0.6542208392205096,-0.6738880147037274,0.15397402486003742,3.402680529302387,2.66543308128687,sensitivity_not_identified_set
30,efficiency_peak,reprocessed,flat_below,120.0,40,AGGREGATE,1.326,0.622,0.4,0.6,38.0,0.0,0.0011155514023328946,0.7944365378812712,0.7702532007957119,-0.8215242843402137,0.2047025606637498,3.018505306794924,2.364495823656024,sensitivity_not_identified_set
30,efficiency_peak,reprocessed,flat_below,120.0,36,agriculture,1.326,0.622,0.4,0.6,38.0,0.0,0.0011155514023328946,4.950643666747001,4.446022748773992,-6.522321353619076,1.7714554272768468,-3.497315443175582,-2.7395637638208727,sensitivity_not_identified_set
30,efficiency_peak,reprocessed,flat_below,120.0,36,industry,1.326,0.622,0.4,0.6,38.0,0.0,0.0011155514023328946,5.993698640027811,5.738216249355821,-5.893598044210724,1.8118494631321536,0.1535379649220693,0.12027140585562097,sensitivity_not_identified_set
30,efficiency_peak,reprocessed,flat_below,120.0,36,services,1.326,0.622,0.4,0.6,38.0,0.0,0.0011155514023328946,4.925557420904547,4.810282543830402,-4.754099062129047,1.125810414828765,2.091165653898095,1.6380797622201744,sensitivity_not_identified_set
30,efficiency_peak,reprocessed,flat_below,120.0,36,AGGREGATE,1.326,0.622,0.4,0.6,38.0,0.0,0.0011155514023328946,5.171333151642199,5.000113345920609,-5.12377801024706,1.3152027269590194,1.284029513964288,1.0058231192720257,sensitivity_not_identified_set
31,efficiency_peak,reprocessed,bilateral,120.0,40,agriculture,1.326,0.622,0.4,0.6,39.0,0.0,0.0014594328457154147,-0.06381484783812841,-0.05743584482498232,0.08922690462416227,-0.024081992189228796,3.138895579329865,2.4588015371417278,sensitivity_not_identified_set
31,efficiency_peak,reprocessed,bilateral,120.0,40,industry,1.326,0.622,0.4,0.6,39.0,0.0,0.0014594328457154147,1.078952726090332,1.03314423066736,-1.111302851005147,0.3284453323098402,2.331947495137525,1.826692204524395,sensitivity_not_identified_set
31,efficiency_peak,reprocessed,bilateral,120.0,40,services,1.326,0.622,0.4,0.6,39.0,0.0,0.0014594328457154147,0.38747973227879484,0.378270719122642,-0.39075564125153894,0.08908548621746615,3.7605504026298546,2.9457644820600524,sensitivity_not_identified_set
31,efficiency_peak,reprocessed,bilateral,120.0,40,AGGREGATE,1.326,0.622,0.4,0.6,39.0,0.0,0.0014594328457154147,0.5098345824770867,0.5028347527375798,-0.5288176349452112,0.12952824605748092,3.387934044266173,2.653881668008502,sensitivity_not_identified_set
31,efficiency_peak,reprocessed,bilateral,120.0,36,agriculture,1.326,0.622,0.4,0.6,39.0,0.0,0.0014594328457154147,5.063608217978288,4.5472043585967015,-6.661815132512372,1.8096251338708291,-3.6755355219099437,-2.8791694921627893,sensitivity_not_identified_set
31,efficiency_peak,reprocessed,bilateral,120.0,36,industry,1.326,0.622,0.4,0.6,39.0,0.0,0.0014594328457154147,6.613668794375038,6.331753394473738,-6.465980635077962,1.9970332707290095,-0.5819158581120479,-0.45583408885443755,sensitivity_not_identified_set
31,efficiency_peak,reprocessed,bilateral,120.0,36,services,1.326,0.622,0.4,0.6,39.0,0.0,0.0014594328457154147,5.43062173667348,5.303634989155848,-5.216832257418947,1.2407991384774053,1.4996174736123726,1.1747003543296919,sensitivity_not_identified_set
31,efficiency_peak,reprocessed,bilateral,120.0,36,AGGREGATE,1.326,0.622,0.4,0.6,39.0,0.0,0.0014594328457154147,5.672640155983122,5.493978242353159,-5.594729001082066,1.4387466807019633,0.6812110804553252,0.5336153463566714,sensitivity_not_identified_set
31,efficiency_peak,reprocessed,flat_below,120.0,40,agriculture,1.326,0.622,0.4,0.6,39.0,0.0,0.0014594328457154147,-0.0633619718859113,-0.05702266397268341,0.088521746235104,-0.023897546190077,3.1380087638858476,2.4581068650439137,sensitivity_not_identified_set
31,efficiency_peak,reprocessed,flat_below,120.0,40,industry,1.326,0.622,0.4,0.6,39.0,0.0,0.0014594328457154147,1.073135959151994,1.0275755458559965,-1.1053711366151853,0.32667393092650765,2.3394456746137138,1.8325657784474088,sensitivity_not_identified_set
31,efficiency_peak,reprocessed,flat_below,120.0,40,services,1.326,0.622,0.4,0.6,39.0,0.0,0.0014594328457154147,0.37963293139822163,0.3706429881507045,-0.3828310190609585,0.08717971966600291,3.770561917725226,2.9536068355514264,sensitivity_not_identified_set
31,efficiency_peak,reprocessed,flat_below,120.0,40,AGGREGATE,1.326,0.622,0.4,0.6,39.0,0.0,0.0014594328457154147,0.5021661289922097,0.49515422764676575,-0.5207527547512303,0.12780832843241607,3.398139510192251,2.6618759496505966,sensitivity_not_identified_set
31,efficiency_peak,reprocessed,flat_below,120.0,36,agriculture,1.326,0.622,0.4,0.6,39.0,0.0,0.0014594328457154147,4.445295031431673,3.992622619165642,-5.885971225800802,1.59815063698997,-2.6843053678129793,-2.1027058714535007,sensitivity_not_identified_set
31,efficiency_peak,reprocessed,flat_below,120.0,36,industry,1.326,0.622,0.4,0.6,39.0,0.0,0.0014594328457154147,5.946892700060036,5.693501012620272,-5.84985826498926,1.797476467493181,0.2097447915180871,0.16430008668916818,sensitivity_not_identified_set
31,efficiency_peak,reprocessed,flat_below,120.0,36,services,1.326,0.622,0.4,0.6,39.0,0.0,0.0014594328457154147,4.753041060076946,4.642067418466866,-4.594686468449871,1.0855954284670732,2.2949591941505436,1.7977180354179259,sensitivity_not_identified_set
31,efficiency_peak,reprocessed,flat_below,120.0,36,AGGREGATE,1.326,0.622,0.4,0.6,39.0,0.0,0.0014594328457154147,5.000480036545296,4.842707022439896,-4.962102326536099,1.2701979819922715,1.4907532867216804,1.1677567412653163,sensitivity_not_identified_set
32,efficiency_peak,reprocessed,bilateral,120.0,40,agriculture,1.326,0.622,0.4,0.6,40.0,0.0,0.0021098039890823555,-1.0442220341062458,-0.9402522509767364,1.4775450711026261,-0.39823511911639686,4.884050874305689,3.8258398515394565,sensitivity_not_identified_set
32,efficiency_peak,reprocessed,bilateral,120.0,40,industry,1.326,0.622,0.4,0.6,40.0,0.0,0.0021098039890823555,0.782498412142929,0.7492245823685684,-0.8084571603018675,0.23855376793645577,2.7147921914165827,2.1265872166096567,sensitivity_not_identified_set
32,efficiency_peak,reprocessed,bilateral,120.0,40,services,1.326,0.622,0.4,0.6,40.0,0.0,0.0021098039890823555,-0.08116703579759132,-0.07921796730080422,0.08225592818169591,-0.01872715247934198,4.358452646024524,3.4141212393858775,sensitivity_not_identified_set
32,efficiency_peak,reprocessed,bilateral,120.0,40,AGGREGATE,1.326,0.622,0.4,0.6,40.0,0.0,0.0021098039890823555,0.039556015344643924,0.060286366480988285,-0.04123751615209281,0.005210060082427859,4.003372870569502,3.1359754152794435,sensitivity_not_identified_set
32,efficiency_peak,reprocessed,bilateral,120.0,36,agriculture,1.326,0.622,0.4,0.6,40.0,0.0,0.0021098039890823555,5.04539027433768,4.530853320199357,-6.638928020786949,1.8033975504565314,-3.646294793551482,-2.8562642549486608,sensitivity_not_identified_set
32,efficiency_peak,reprocessed,bilateral,120.0,36,industry,1.326,0.622,0.4,0.6,40.0,0.0,0.0021098039890823555,7.393260929032919,7.077372585412456,-7.178490004978222,2.232186000117159,-1.4975391265513869,-1.1730723157985865,sensitivity_not_identified_set
32,efficiency_peak,reprocessed,bilateral,120.0,36,services,1.326,0.622,0.4,0.6,40.0,0.0,0.0021098039890823555,5.981632567935113,5.840673292971754,-5.718144880062315,1.3698921834368605,0.8587168254160215,0.6726615132425502,sensitivity_not_identified_set
32,efficiency_peak,reprocessed,bilateral,120.0,36,AGGREGATE,1.326,0.622,0.4,0.6,40.0,0.0,0.0021098039890823555,6.231055530749807,6.046269782500002,-6.11527420881024,1.5793076643936255,0.014748558819513907,0.011553037741952562,sensitivity_not_identified_set
32,efficiency_peak,reprocessed,flat_below,120.0,40,agriculture,1.326,0.622,0.4,0.6,40.0,0.0,0.0021098039890823555,-1.0317737910233826,-0.9287628613995125,1.4561112834384327,-0.3927550594943985,4.857086634915956,3.8047178640174986,sensitivity_not_identified_set
32,efficiency_peak,reprocessed,flat_below,120.0,40,industry,1.326,0.622,0.4,0.6,40.0,0.0,0.0021098039890823555,0.7755094341878932,0.7426505339228839,-0.800944238824064,0.2359370867873134,2.724273500513007,2.134014242068522,sensitivity_not_identified_set
32,efficiency_peak,reprocessed,flat_below,120.0,40,services,1.326,0.622,0.4,0.6,40.0,0.0,0.0021098039890823555,-0.07855581015002722,-0.07670558270231886,0.07956203412886609,-0.01801001586325124,4.3550531642226415,3.4114583119744024,sensitivity_not_identified_set
32,efficiency_peak,reprocessed,flat_below,120.0,40,AGGREGATE,1.326,0.622,0.4,0.6,40.0,0.0,0.0021098039890823555,0.03898850049710578,0.059189944840354336,-0.04060891824269053,0.005605302427524883,4.004209267398256,3.1366305927953,sensitivity_not_identified_set
32,efficiency_peak,reprocessed,flat_below,120.0,36,agriculture,1.326,0.622,0.4,0.6,40.0,0.0,0.0021098039890823555,3.4991364390040802,3.143463244407152,-4.677059180273336,1.2691630666607612,-1.1397834047504607,-0.8928303337211941,sensitivity_not_identified_set
32,efficiency_peak,reprocessed,flat_below,120.0,36,industry,1.326,0.622,0.4,0.6,40.0,0.0,0.0021098039890823555,5.7052314174019125,5.462610870413198,-5.623487553523098,1.723320936583389,0.5006313988064803,0.39216126239840965,sensitivity_not_identified_set
32,efficiency_peak,reprocessed,flat_below,120.0,36,services,1.326,0.622,0.4,0.6,40.0,0.0,0.0021098039890823555,4.337944308430419,4.2372427403037705,-4.209100621971562,0.9890635662197833,2.7878876942929796,2.1838453605295003,sensitivity_not_identified_set
32,efficiency_peak,reprocessed,flat_below,120.0,36,AGGREGATE,1.326,0.622,0.4,0.6,40.0,0.0,0.0021098039890823555,4.581772283326591,4.4504982874278065,-4.563708819545331,1.160639684109499,2.000322780907424,1.5669195117108154,sensitivity_not_identified_set
33,efficiency_peak,reprocessed,bilateral,120.0,40,agriculture,1.326,0.622,0.4,0.6,41.0,0.0,0.003805787903135696,-2.9065547260613833,-2.619824959191852,4.214154432040207,-1.1322047533095625,8.324243324996662,6.520657271247384,sensitivity_not_identified_set
33,efficiency_peak,reprocessed,bilateral,120.0,40,industry,1.326,0.622,0.4,0.6,41.0,0.0,0.003805787903135696,0.18799584328506036,0.179952769661762,-0.19552093419662464,0.05758673515565693,3.4896792167122466,2.7335820530912596,sensitivity_not_identified_set
33,efficiency_peak,reprocessed,bilateral,120.0,40,services,1.326,0.622,0.4,0.6,41.0,0.0,0.003805787903135696,-0.9951935930908928,-0.9704374962151929,1.0188402407961261,-0.23247176263838099,5.542306473643841,4.341473404354343,sensitivity_not_identified_set
33,efficiency_peak,reprocessed,bilateral,120.0,40,AGGREGATE,1.326,0.622,0.4,0.6,41.0,0.0,0.003805787903135696,-0.8767457932207123,-0.8017284400904545,0.9236677558740913,-0.24122965469749458,5.221292064794892,4.090012117422666,sensitivity_not_identified_set
33,efficiency_peak,reprocessed,bilateral,120.0,36,agriculture,1.326,0.622,0.4,0.6,41.0,0.0,0.003805787903135696,5.723651879770975,5.139273110943399,-7.482053289651613,2.033096893066,-4.723485067902272,-3.700063303190113,sensitivity_not_identified_set
33,efficiency_peak,reprocessed,bilateral,120.0,36,industry,1.326,0.622,0.4,0.6,41.0,0.0,0.003805787903135696,9.65398625112648,9.238058446268372,-9.192464138916757,2.9162268012626114,-4.086141911462323,-3.2008111639788193,sensitivity_not_identified_set
33,efficiency_peak,reprocessed,bilateral,120.0,36,services,1.326,0.622,0.4,0.6,41.0,0.0,0.003805787903135696,7.806657262570482,7.617036147627054,-7.345763836828933,1.8046755816595483,-1.222224565949523,-0.9574092433271262,sensitivity_not_identified_set
33,efficiency_peak,reprocessed,bilateral,120.0,36,AGGREGATE,1.326,0.622,0.4,0.6,41.0,0.0,0.003805787903135696,8.066532995607133,7.843134517875128,-7.791757419305556,2.049597903835548,-2.131453496949802,-1.6696385726106784,sensitivity_not_identified_set
33,efficiency_peak,reprocessed,flat_below,120.0,40,agriculture,1.326,0.622,0.4,0.6,41.0,0.0,0.003805787903135696,-2.9497780054196787,-2.6564485872650923,4.246875041051168,-1.1434221022206703,8.36519846269622,6.552738795778705,sensitivity_not_identified_set
33,efficiency_peak,reprocessed,flat_below,120.0,40,industry,1.326,0.622,0.4,0.6,41.0,0.0,0.003805787903135696,0.08698741038444258,0.08332313495515997,-0.09038859211106809,0.0264109898477749,3.622583866381073,2.837690695331841,sensitivity_not_identified_set
33,efficiency_peak,reprocessed,flat_below,120.0,40,services,1.326,0.622,0.4,0.6,41.0,0.0,0.003805787903135696,-1.0169113172733502,-0.9932781902425081,1.0391410241130883,-0.2321888533078631,5.568238041419347,4.361786465778488,sensitivity_not_identified_set
33,efficiency_peak,reprocessed,flat_below,120.0,40,AGGREGATE,1.326,0.622,0.4,0.6,41.0,0.0,0.003805787903135696,-0.9225687264540761,-0.8478270845270752,0.9696416910618844,-0.24825987983873588,5.279661812110646,4.13573508615334,sensitivity_not_identified_set
33,efficiency_peak,reprocessed,flat_below,120.0,36,agriculture,1.326,0.622,0.4,0.6,41.0,0.0,0.003805787903135696,1.496253979908646,1.344762690033341,-2.040631090186762,0.5529722676313353,2.228544685637392,1.7456933370826235,sensitivity_not_identified_set
33,efficiency_peak,reprocessed,flat_below,120.0,36,industry,1.326,0.622,0.4,0.6,41.0,0.0,0.003805787903135696,4.983058725358025,4.772392888803556,-4.9415616455359075,1.502251149777345,1.3768463548969956,1.0785296446693131,sensitivity_not_identified_set
33,efficiency_peak,reprocessed,flat_below,120.0,36,services,1.326,0.622,0.4,0.6,41.0,0.0,0.003805787903135696,3.3579860536668393,3.2810993111021203,-3.2873163212304157,0.7624695075360122,3.96625448139642,3.1068993437605283,sensitivity_not_identified_set
33,efficiency_peak,reprocessed,flat_below,120.0,36,AGGREGATE,1.326,0.622,0.4,0.6,41.0,0.0,0.003805787903135696,3.5772001191256786,3.5036749049395466,-3.595474804865151,0.8980897897828244,3.2389090677653485,2.5371454364161896,sensitivity_not_identified_set
34,hours_uniform_mixture,reprocessed,bilateral,120.0,40,agriculture,1.326,0.622,0.4,0.6,40.0,0.0,0.0021098039890823555,-1.0442220341062458,-0.9402522509767142,1.4775450711026261,-0.39823511911639686,4.884050874305689,3.8258398515394565,sensitivity_not_identified_set
34,hours_uniform_mixture,reprocessed,bilateral,120.0,40,industry,1.326,0.622,0.4,0.6,40.0,0.0,0.0021098039890823555,0.7824984121429512,0.7492245823685906,-0.8084571603018786,0.23855376793646688,2.7147921914165973,2.1265872166096678,sensitivity_not_identified_set
34,hours_uniform_mixture,reprocessed,bilateral,120.0,40,services,1.326,0.622,0.4,0.6,40.0,0.0,0.0021098039890823555,-0.08116703579759132,-0.07921796730080422,0.08225592818169591,-0.01872715247934198,4.358452646024524,3.4141212393858775,sensitivity_not_identified_set
34,hours_uniform_mixture,reprocessed,bilateral,120.0,40,AGGREGATE,1.326,0.622,0.4,0.6,40.0,0.0,0.0021098039890823555,0.039556015344643924,0.060286366480988285,-0.04123751615209281,0.00521006008243341,4.003372870569502,3.1359754152794435,sensitivity_not_identified_set
34,hours_uniform_mixture,reprocessed,bilateral,120.0,36,agriculture,1.326,0.622,0.4,0.6,40.0,0.0,0.0021098039890823555,5.045390274337702,4.530853320199357,-6.6389280207870165,1.8033975504565425,-3.6462947935515784,-2.8562642549487363,sensitivity_not_identified_set
34,hours_uniform_mixture,reprocessed,bilateral,120.0,36,industry,1.326,0.622,0.4,0.6,40.0,0.0,0.0021098039890823555,7.393260929032941,7.077372585412478,-7.178490004978233,2.23218600011717,-1.497539126551417,-1.17307231579861,sensitivity_not_identified_set
34,hours_uniform_mixture,reprocessed,bilateral,120.0,36,services,1.326,0.622,0.4,0.6,40.0,0.0,0.0021098039890823555,5.981632567935113,5.840673292971754,-5.718144880062315,1.3698921834368605,0.8587168254160215,0.6726615132425502,sensitivity_not_identified_set
34,hours_uniform_mixture,reprocessed,bilateral,120.0,36,AGGREGATE,1.326,0.622,0.4,0.6,40.0,0.0,0.0021098039890823555,6.231055530749807,6.046269782500002,-6.11527420881025,1.5793076643936366,0.014748558819513907,0.011553037741952562,sensitivity_not_identified_set
34,hours_uniform_mixture,reprocessed,flat_below,120.0,40,agriculture,1.326,0.622,0.4,0.6,40.0,0.0,0.0021098039890823555,-1.0317737910233826,-0.9287628613995014,1.4561112834384549,-0.3927550594944096,4.857086634916023,3.8047178640175505,sensitivity_not_identified_set
34,hours_uniform_mixture,reprocessed,flat_below,120.0,40,industry,1.326,0.622,0.4,0.6,40.0,0.0,0.0021098039890823555,0.7755094341879154,0.7426505339228839,-0.8009442388240862,0.2359370867873134,2.7242735005129917,2.13401424206851,sensitivity_not_identified_set
34,hours_uniform_mixture,reprocessed,flat_below,120.0,40,services,1.326,0.622,0.4,0.6,40.0,0.0,0.0021098039890823555,-0.07855581015002722,-0.07670558270231886,0.07956203412886609,-0.01801001586325124,4.3550531642226415,3.4114583119744024,sensitivity_not_identified_set
34,hours_uniform_mixture,reprocessed,flat_below,120.0,40,AGGREGATE,1.326,0.622,0.4,0.6,40.0,0.0,0.0021098039890823555,0.03898850049710578,0.059189944840354336,-0.04060891824269053,0.005605302427519332,4.004209267398256,3.1366305927953,sensitivity_not_identified_set
34,hours_uniform_mixture,reprocessed,flat_below,120.0,36,agriculture,1.326,0.622,0.4,0.6,40.0,0.0,0.0021098039890823555,3.4991364390040802,3.143463244407152,-4.677059180273291,1.2691630666607612,-1.1397834047503976,-0.8928303337211446,sensitivity_not_identified_set
34,hours_uniform_mixture,reprocessed,flat_below,120.0,36,industry,1.326,0.622,0.4,0.6,40.0,0.0,0.0021098039890823555,5.70523141740189,5.462610870413198,-5.623487553523077,1.723320936583378,0.5006313988065103,0.3921612623984331,sensitivity_not_identified_set
34,hours_uniform_mixture,reprocessed,flat_below,120.0,36,services,1.326,0.622,0.4,0.6,40.0,0.0,0.0021098039890823555,4.337944308430419,4.2372427403037705,-4.209100621971562,0.9890635662197833,2.7878876942929796,2.1838453605295003,sensitivity_not_identified_set
34,hours_uniform_mixture,reprocessed,flat_below,120.0,36,AGGREGATE,1.326,0.622,0.4,0.6,40.0,0.0,0.0021098039890823555,4.581772283326591,4.4504982874278065,-4.563708819545321,1.160639684109488,2.000322780907424,1.5669195117108154,sensitivity_not_identified_set
35,hours_uniform_mixture,reprocessed,bilateral,120.0,40,agriculture,1.326,0.622,0.4,0.6,40.0,0.5,0.0021098039890823555,-0.49998240039303976,-0.45004519255479325,0.7021943099390304,-0.1894528017719499,3.2827643233624726,2.57149871996727,sensitivity_not_identified_set
35,hours_uniform_mixture,reprocessed,bilateral,120.0,40,industry,1.326,0.622,0.4,0.6,40.0,0.5,0.0021098039890823555,0.43341974225883373,0.41519894802142243,-0.448724935367284,0.131355717665671,3.2496257991006305,2.5455402092954933,sensitivity_not_identified_set
35,hours_uniform_mixture,reprocessed,bilateral,120.0,40,services,1.326,0.622,0.4,0.6,40.0,0.5,0.0021098039890823555,-0.0059324174496722115,-0.005788997692324216,0.006008799906465079,-0.0013718263687900745,4.296837276382249,3.365855866499428,sensitivity_not_identified_set
35,hours_uniform_mixture,reprocessed,bilateral,120.0,40,AGGREGATE,1.326,0.622,0.4,0.6,40.0,0.5,0.0021098039890823555,0.054469161808201605,0.06393918391640607,-0.05674501536947485,0.011560448601327655,3.9842552471653603,3.1209999436128655,sensitivity_not_identified_set
35,hours_uniform_mixture,reprocessed,bilateral,120.0,36,agriculture,1.326,0.622,0.4,0.6,40.0,0.5,0.0021098039890823555,5.432424045446282,4.8771398499799945,-7.110621905442283,1.9328755147717813,-4.926549929164715,-3.8591307778456923,sensitivity_not_identified_set
35,hours_uniform_mixture,reprocessed,bilateral,120.0,36,industry,1.326,0.622,0.4,0.6,40.0,0.5,0.0021098039890823555,6.81710894458718,6.529336772711902,-6.644905178763061,2.0467799250041607,-0.9084858939161224,-0.7116472835676292,sensitivity_not_identified_set
35,hours_uniform_mixture,reprocessed,bilateral,120.0,36,services,1.326,0.622,0.4,0.6,40.0,0.5,0.0021098039890823555,6.126953521887346,5.981550646700029,-5.850417146851727,1.4062825020258574,0.7708448467135292,0.6038284632589312,sensitivity_not_identified_set
35,hours_uniform_mixture,reprocessed,bilateral,120.0,36,AGGREGATE,1.326,0.622,0.4,0.6,40.0,0.5,0.0021098039890823555,6.228561221222528,6.039754875568937,-6.109808373702286,1.5773307496606048,0.020722519021131456,0.016232639899886308,sensitivity_not_identified_set
35,hours_uniform_mixture,reprocessed,flat_below,120.0,40,agriculture,1.326,0.622,0.4,0.6,40.0,0.5,0.0021098039890823555,-0.49052740453853216,-0.4414360648132165,0.6875837304430199,-0.18561560789450704,3.2643542457033674,2.557077492467638,sensitivity_not_identified_set
35,hours_uniform_mixture,reprocessed,flat_below,120.0,40,industry,1.326,0.622,0.4,0.6,40.0,0.5,0.0021098039890823555,0.4262875667871091,0.4083773283138914,-0.44134087364740004,0.1291523364460867,3.258983840875635,2.552870675352581,sensitivity_not_identified_set
35,hours_uniform_mixture,reprocessed,flat_below,120.0,40,services,1.326,0.622,0.4,0.6,40.0,0.5,0.0021098039890823555,-0.005755564804710289,-0.00561935725988949,0.00582592069324761,-0.0013215739132488302,4.296606737554525,3.3656752777510444,sensitivity_not_identified_set
35,hours_uniform_mixture,reprocessed,flat_below,120.0,40,AGGREGATE,1.326,0.622,0.4,0.6,40.0,0.5,0.0021098039890823555,0.05308229721010527,0.062253131283873664,-0.05526042258502395,0.011436072042420031,3.9861551373195665,3.1224881909003273,sensitivity_not_identified_set
35,hours_uniform_mixture,reprocessed,flat_below,120.0,36,agriculture,1.326,0.622,0.4,0.6,40.0,0.5,0.0021098039890823555,3.892684742289987,3.4963400548750023,-5.178220534379275,1.4059040205753326,-2.4536264410685664,-1.922007378837044,sensitivity_not_identified_set
35,hours_uniform_mixture,reprocessed,flat_below,120.0,36,industry,1.326,0.622,0.4,0.6,40.0,0.5,0.0021098039890823555,5.1510768654555505,4.933948085663742,-5.0984171776410125,1.5499245883464352,1.0820240416514315,0.8475854992936214,sensitivity_not_identified_set
35,hours_uniform_mixture,reprocessed,flat_below,120.0,36,services,1.326,0.622,0.4,0.6,40.0,0.5,0.0021098039890823555,4.472240577023889,4.367920814737647,-4.334523474981333,1.0212027850928118,2.708000055543576,2.1212667101758016,sensitivity_not_identified_set
35,hours_uniform_mixture,reprocessed,flat_below,120.0,36,AGGREGATE,1.326,0.622,0.4,0.6,40.0,0.5,0.0021098039890823555,4.579450420549458,4.443640396891446,-4.559935591122377,1.158613696780525,2.004488820018881,1.57018290901479,sensitivity_not_identified_set
36,hours_uniform_mixture,reprocessed,bilateral,120.0,40,agriculture,1.326,0.622,0.4,0.6,40.0,1.0,0.0021098039890823555,0.06365921661153351,0.0572808207396136,-0.08872168340127162,0.023962131038879342,1.6312789354424226,1.2778351660965646,sensitivity_not_identified_set
36,hours_uniform_mixture,reprocessed,bilateral,120.0,40,industry,1.326,0.622,0.4,0.6,40.0,1.0,0.0021098039890823555,0.06771406265420055,0.06490150505016334,-0.07026146125906907,0.020397360516594132,3.811767637677299,2.9858846495138844,sensitivity_not_identified_set
36,hours_uniform_mixture,reprocessed,bilateral,120.0,40,services,1.326,0.622,0.4,0.6,40.0,1.0,0.0021098039890823555,0.06826552418888188,0.06660418828734471,-0.06910838162269561,0.015821047321529225,4.236476330012127,3.318573125176166,sensitivity_not_identified_set
36,hours_uniform_mixture,reprocessed,bilateral,120.0,40,AGGREGATE,1.326,0.622,0.4,0.6,40.0,1.0,0.0021098039890823555,0.06776887429988943,0.06565502339090923,-0.07055263345796536,0.017374856953616957,3.9675395420980046,3.107905974643437,sensitivity_not_identified_set
36,hours_uniform_mixture,reprocessed,bilateral,120.0,36,agriculture,1.326,0.622,0.4,0.6,40.0,1.0,0.0021098039890823555,5.831154088973367,5.233718192263059,-7.591467202620661,2.065046138010085,-6.251137162152665,-4.89672411035292,sensitivity_not_identified_set
36,hours_uniform_mixture,reprocessed,bilateral,120.0,36,industry,1.326,0.622,0.4,0.6,40.0,1.0,0.0021098039890823555,6.217080974316036,5.957956101978312,-6.0851057961631705,1.855897863915501,-0.28499992836694577,-0.22324994388744088,sensitivity_not_identified_set
36,hours_uniform_mixture,reprocessed,bilateral,120.0,36,services,1.326,0.622,0.4,0.6,40.0,1.0,0.0021098039890823555,6.270543138010809,6.1206999301187,-5.980839821544115,1.442400860402665,0.684675835104997,0.5363294041655811,sensitivity_not_identified_set
36,hours_uniform_mixture,reprocessed,bilateral,120.0,36,AGGREGATE,1.326,0.622,0.4,0.6,40.0,1.0,0.0021098039890823555,6.223065384364035,6.029803580675197,-6.101618382779406,1.5742407841941586,0.03071850531664759,0.02406282916470728,sensitivity_not_identified_set
36,hours_uniform_mixture,reprocessed,flat_below,120.0,40,agriculture,1.326,0.622,0.4,0.6,40.0,1.0,0.0021098039890823555,0.06200041925192856,0.05578041933742561,-0.08631061970969522,0.02331925943289681,1.634322966258151,1.2802196569022184,sensitivity_not_identified_set
36,hours_uniform_mixture,reprocessed,flat_below,120.0,40,industry,1.326,0.622,0.4,0.6,40.0,1.0,0.0021098039890823555,0.06607261077540283,0.06332084255780135,-0.06858005596808159,0.0199328653666897,3.813904791909544,2.9875587536624764,sensitivity_not_identified_set
36,hours_uniform_mixture,reprocessed,flat_below,120.0,40,services,1.326,0.622,0.4,0.6,40.0,1.0,0.0021098039890823555,0.0663899424726111,0.06481139548333292,-0.06716314993810979,0.015267549969416594,4.23892571979178,3.320491813836894,sensitivity_not_identified_set
36,hours_uniform_mixture,reprocessed,flat_below,120.0,40,AGGREGATE,1.326,0.622,0.4,0.6,40.0,1.0,0.0021098039890823555,0.06596448069458027,0.0639300201259907,-0.06863733452723286,0.016832815021450287,3.9699557868034905,3.1097986996627345,sensitivity_not_identified_set
36,hours_uniform_mixture,reprocessed,flat_below,120.0,36,agriculture,1.326,0.622,0.4,0.6,40.0,1.0,0.0021098039890823555,4.292432310177485,3.854641297319672,-5.682374995462824,1.5436037868161723,-3.803757733303153,-2.9796102244208034,sensitivity_not_identified_set
36,hours_uniform_mixture,reprocessed,flat_below,120.0,36,industry,1.326,0.622,0.4,0.6,40.0,1.0,0.0021098039890823555,4.582518194495955,4.391114538921381,-4.555269058937306,1.3733956700427763,1.6872738240348022,1.3216978288272618,sensitivity_not_identified_set
36,hours_uniform_mixture,reprocessed,flat_below,120.0,36,services,1.326,0.622,0.4,0.6,40.0,1.0,0.0021098039890823555,4.605548783602487,4.497607148890936,-4.458752152536693,1.0532003855517003,2.6289708997575794,2.0593605381434372,sensitivity_not_identified_set
36,hours_uniform_mixture,reprocessed,flat_below,120.0,36,AGGREGATE,1.326,0.622,0.4,0.6,40.0,1.0,0.0021098039890823555,4.575161269441619,4.434549948994904,-4.554310658460281,1.1559169729160212,2.0114922004238984,1.5756688903320537,sensitivity_not_identified_set
